Staff_ID,Staff_Type,Shift_Date,Shift_Start_Time,Shift_End_Time,Current_Assignment,Hours_Worked,Patients_Assigned,Overtime_Hours
S001,Nurse,2024-10-01 08:27:00,08:27 AM,04:06 PM,ER,7,5,0
S002,Nurse,2024-10-01 08:10:00,08:10 AM,04:05 PM,ER,7,5,0
S003,Nurse,2024-10-01 16:13:00,04:13 PM,11:27 PM,ER,8,6,0
S004,Nurse,2024-10-01 16:23:00,04:23 PM,11:24 PM,ER,6,9,0
S005,Surgeon,2024-10-01 08:00:00,08:00 AM,04:15 PM,ER,9,2,1
S006,Surgeon,2024-10-01 08:07:00,08:07 AM,04:24 PM,ER,7,4,0
S007,Surgeon,2024-10-01 16:12:00,04:12 PM,11:22 PM,ER,6,1,0
S008,Surgeon,2024-10-01 16:13:00,04:13 PM,11:27 PM,ER,7,3,0
S009,Technician,2024-10-01 08:25:00,08:25 AM,04:23 PM,ER,7,3,0
S010,Technician,2024-10-01 08:23:00,08:23 AM,04:06 PM,ER,8,3,0
S011,Technician,2024-10-01 16:00:00,04:00 PM,11:14 PM,ER,6,2,0
S012,Nurse,2024-10-01 08:00:00,08:00 AM,04:04 PM,General Ward,8,6,0
S013,Nurse,2024-10-01 08:21:00,08:21 AM,04:07 PM,General Ward,7,10,0
S014,Nurse,2024-10-01 08:18:00,08:18 AM,04:15 PM,General Ward,7,10,0
S015,Nurse,2024-10-01 16:25:00,04:25 PM,11:13 PM,General Ward,7,4,0
S016,Nurse,2024-10-01 16:25:00,04:25 PM,11:06 PM,General Ward,6,8,0
S017,Surgeon,2024-10-01 08:08:00,08:08 AM,04:12 PM,General Ward,8,4,0
S018,Surgeon,2024-10-01 08:25:00,08:25 AM,04:28 PM,General Ward,8,2,0
S019,Surgeon,2024-10-01 16:15:00,04:15 PM,11:16 PM,General Ward,7,1,0
S020,Technician,2024-10-01 08:17:00,08:17 AM,04:27 PM,General Ward,8,3,0
S021,Technician,2024-10-01 16:22:00,04:22 PM,11:27 PM,General Ward,7,2,0
S022,Nurse,2024-10-01 08:21:00,08:21 AM,04:00 PM,ICU,7,5,0
S023,Nurse,2024-10-01 08:20:00,08:20 AM,04:14 PM,ICU,8,9,0
S024,Nurse,2024-10-01 08:07:00,08:07 AM,04:07 PM,ICU,7,6,0
S025,Nurse,2024-10-01 16:12:00,04:12 PM,11:11 PM,ICU,6,7,0
S026,Nurse,2024-10-01 16:08:00,04:08 PM,11:12 PM,ICU,7,7,0
S027,Nurse,2024-10-01 16:02:00,04:02 PM,11:18 PM,ICU,8,3,0
S028,Surgeon,2024-10-01 08:13:00,08:13 AM,04:24 PM,ICU,7,2,0
S029,Surgeon,2024-10-01 16:17:00,04:17 PM,11:22 PM,ICU,7,2,0
S030,Technician,2024-10-01 08:25:00,08:25 AM,04:13 PM,ICU,8,6,0
S031,Technician,2024-10-01 08:12:00,08:12 AM,04:00 PM,ICU,8,4,0
S032,Technician,2024-10-01 16:12:00,04:12 PM,11:18 PM,ICU,7,4,0
S033,Nurse,2024-10-02 08:14:00,08:14 AM,04:07 PM,ER,9,7,1
S034,Nurse,2024-10-02 08:12:00,08:12 AM,04:15 PM,ER,8,7,0
S035,Nurse,2024-10-02 08:02:00,08:02 AM,04:27 PM,ER,9,6,1
S036,Nurse,2024-10-02 16:18:00,04:18 PM,11:03 PM,ER,7,8,0
S037,Nurse,2024-10-02 16:12:00,04:12 PM,11:06 PM,ER,6,5,0
S038,Nurse,2024-10-02 16:00:00,04:00 PM,11:26 PM,ER,7,9,0
S039,Surgeon,2024-10-02 08:02:00,08:02 AM,04:05 PM,ER,9,2,1
S040,Surgeon,2024-10-02 08:09:00,08:09 AM,04:08 PM,ER,9,4,1
S041,Surgeon,2024-10-02 16:28:00,04:28 PM,11:05 PM,ER,6,2,0
S042,Technician,2024-10-02 08:26:00,08:26 AM,04:24 PM,ER,7,3,0
S043,Technician,2024-10-02 08:24:00,08:24 AM,04:08 PM,ER,8,5,0
S044,Technician,2024-10-02 16:19:00,04:19 PM,11:22 PM,ER,8,3,0
S045,Nurse,2024-10-02 08:08:00,08:08 AM,04:04 PM,General Ward,8,7,0
S046,Nurse,2024-10-02 08:07:00,08:07 AM,04:05 PM,General Ward,9,9,1
S047,Nurse,2024-10-02 08:17:00,08:17 AM,04:16 PM,General Ward,7,6,0
S048,Nurse,2024-10-02 16:00:00,04:00 PM,11:25 PM,General Ward,7,3,0
S049,Nurse,2024-10-02 16:26:00,04:26 PM,11:10 PM,General Ward,6,6,0
S050,Surgeon,2024-10-02 08:16:00,08:16 AM,04:27 PM,General Ward,8,4,0
S051,Surgeon,2024-10-02 16:22:00,04:22 PM,11:20 PM,General Ward,6,1,0
S052,Technician,2024-10-02 08:24:00,08:24 AM,04:22 PM,General Ward,7,3,0
S053,Technician,2024-10-02 16:20:00,04:20 PM,11:07 PM,General Ward,6,4,0
S054,Nurse,2024-10-02 08:09:00,08:09 AM,04:18 PM,ICU,8,7,0
S055,Nurse,2024-10-02 08:16:00,08:16 AM,04:05 PM,ICU,8,8,0
S056,Nurse,2024-10-02 16:08:00,04:08 PM,11:12 PM,ICU,8,10,0
S057,Nurse,2024-10-02 16:16:00,04:16 PM,11:15 PM,ICU,6,8,0
S058,Surgeon,2024-10-02 08:20:00,08:20 AM,04:03 PM,ICU,8,1,0
S059,Surgeon,2024-10-02 08:04:00,08:04 AM,04:00 PM,ICU,8,2,0
S060,Surgeon,2024-10-02 16:15:00,04:15 PM,11:26 PM,ICU,8,2,0
S061,Technician,2024-10-02 08:05:00,08:05 AM,04:07 PM,ICU,8,4,0
S062,Technician,2024-10-02 08:19:00,08:19 AM,04:07 PM,ICU,8,3,0
S063,Technician,2024-10-02 16:06:00,04:06 PM,11:06 PM,ICU,7,6,0
S064,Nurse,2024-10-03 08:01:00,08:01 AM,04:29 PM,ER,7,5,0
S065,Nurse,2024-10-03 08:11:00,08:11 AM,04:07 PM,ER,7,8,0
S066,Nurse,2024-10-03 08:26:00,08:26 AM,04:02 PM,ER,9,3,1
S067,Nurse,2024-10-03 16:05:00,04:05 PM,11:04 PM,ER,8,10,0
S068,Nurse,2024-10-03 16:25:00,04:25 PM,11:23 PM,ER,6,4,0
S069,Surgeon,2024-10-03 08:18:00,08:18 AM,04:13 PM,ER,9,2,1
S070,Surgeon,2024-10-03 08:26:00,08:26 AM,04:09 PM,ER,7,2,0
S071,Surgeon,2024-10-03 16:07:00,04:07 PM,11:10 PM,ER,6,1,0
S072,Surgeon,2024-10-03 16:04:00,04:04 PM,11:07 PM,ER,7,2,0
S073,Technician,2024-10-03 08:05:00,08:05 AM,04:27 PM,ER,8,4,0
S074,Technician,2024-10-03 16:22:00,04:22 PM,11:06 PM,ER,7,3,0
S075,Nurse,2024-10-03 08:04:00,08:04 AM,04:22 PM,General Ward,8,10,0
S076,Nurse,2024-10-03 08:08:00,08:08 AM,04:23 PM,General Ward,7,4,0
S077,Nurse,2024-10-03 08:03:00,08:03 AM,04:00 PM,General Ward,9,9,1
S078,Nurse,2024-10-03 16:02:00,04:02 PM,11:20 PM,General Ward,6,9,0
S079,Nurse,2024-10-03 16:07:00,04:07 PM,11:24 PM,General Ward,8,6,0
S080,Nurse,2024-10-03 16:04:00,04:04 PM,11:21 PM,General Ward,8,8,0
S081,Surgeon,2024-10-03 08:13:00,08:13 AM,04:05 PM,General Ward,8,2,0
S082,Surgeon,2024-10-03 08:24:00,08:24 AM,04:17 PM,General Ward,8,2,0
S083,Surgeon,2024-10-03 16:20:00,04:20 PM,11:28 PM,General Ward,8,4,0
S084,Surgeon,2024-10-03 16:18:00,04:18 PM,11:21 PM,General Ward,6,4,0
S085,Technician,2024-10-03 08:16:00,08:16 AM,04:01 PM,General Ward,9,3,1
S086,Technician,2024-10-03 08:16:00,08:16 AM,04:20 PM,General Ward,9,3,1
S087,Technician,2024-10-03 16:02:00,04:02 PM,11:29 PM,General Ward,8,5,0
S088,Technician,2024-10-03 16:07:00,04:07 PM,11:23 PM,General Ward,8,3,0
S089,Nurse,2024-10-03 08:27:00,08:27 AM,04:13 PM,ICU,8,9,0
S090,Nurse,2024-10-03 08:11:00,08:11 AM,04:23 PM,ICU,9,10,1
S091,Nurse,2024-10-03 08:06:00,08:06 AM,04:14 PM,ICU,9,6,1
S092,Nurse,2024-10-03 16:06:00,04:06 PM,11:01 PM,ICU,6,8,0
S093,Nurse,2024-10-03 16:03:00,04:03 PM,11:04 PM,ICU,6,7,0
S094,Nurse,2024-10-03 16:13:00,04:13 PM,11:23 PM,ICU,6,5,0
S095,Surgeon,2024-10-03 08:02:00,08:02 AM,04:12 PM,ICU,7,4,0
S096,Surgeon,2024-10-03 08:08:00,08:08 AM,04:09 PM,ICU,8,1,0
S097,Surgeon,2024-10-03 16:03:00,04:03 PM,11:08 PM,ICU,6,4,0
S098,Surgeon,2024-10-03 16:22:00,04:22 PM,11:29 PM,ICU,8,2,0
S099,Technician,2024-10-03 08:01:00,08:01 AM,04:13 PM,ICU,8,4,0
S100,Technician,2024-10-03 08:20:00,08:20 AM,04:10 PM,ICU,8,4,0
S101,Technician,2024-10-03 16:20:00,04:20 PM,11:22 PM,ICU,8,5,0
S102,Technician,2024-10-03 16:06:00,04:06 PM,11:04 PM,ICU,6,3,0
S103,Nurse,2024-10-04 08:27:00,08:27 AM,04:24 PM,ER,7,6,0
S104,Nurse,2024-10-04 08:00:00,08:00 AM,04:12 PM,ER,8,8,0
S105,Nurse,2024-10-04 08:29:00,08:29 AM,04:15 PM,ER,9,6,1
S106,Nurse,2024-10-04 16:28:00,04:28 PM,11:03 PM,ER,7,4,0
S107,Nurse,2024-10-04 16:06:00,04:06 PM,11:18 PM,ER,8,5,0
S108,Nurse,2024-10-04 16:12:00,04:12 PM,11:04 PM,ER,8,10,0
S109,Surgeon,2024-10-04 08:29:00,08:29 AM,04:01 PM,ER,7,3,0
S110,Surgeon,2024-10-04 08:20:00,08:20 AM,04:06 PM,ER,9,3,1
S111,Surgeon,2024-10-04 16:25:00,04:25 PM,11:02 PM,ER,6,1,0
S112,Surgeon,2024-10-04 16:16:00,04:16 PM,11:22 PM,ER,8,4,0
S113,Technician,2024-10-04 08:23:00,08:23 AM,04:11 PM,ER,7,5,0
S114,Technician,2024-10-04 08:29:00,08:29 AM,04:14 PM,ER,7,2,0
S115,Technician,2024-10-04 16:03:00,04:03 PM,11:17 PM,ER,8,2,0
S116,Nurse,2024-10-04 08:08:00,08:08 AM,04:01 PM,General Ward,8,5,0
S117,Nurse,2024-10-04 08:29:00,08:29 AM,04:11 PM,General Ward,7,7,0
S118,Nurse,2024-10-04 16:27:00,04:27 PM,11:22 PM,General Ward,7,7,0
S119,Nurse,2024-10-04 16:26:00,04:26 PM,11:24 PM,General Ward,7,8,0
S120,Surgeon,2024-10-04 08:03:00,08:03 AM,04:10 PM,General Ward,8,3,0
S121,Surgeon,2024-10-04 08:20:00,08:20 AM,04:05 PM,General Ward,9,1,1
S122,Surgeon,2024-10-04 16:10:00,04:10 PM,11:20 PM,General Ward,8,1,0
S123,Technician,2024-10-04 08:08:00,08:08 AM,04:06 PM,General Ward,9,3,1
S124,Technician,2024-10-04 08:02:00,08:02 AM,04:13 PM,General Ward,7,4,0
S125,Technician,2024-10-04 16:13:00,04:13 PM,11:01 PM,General Ward,6,4,0
S126,Nurse,2024-10-04 08:26:00,08:26 AM,04:23 PM,ICU,7,4,0
S127,Nurse,2024-10-04 08:28:00,08:28 AM,04:26 PM,ICU,8,3,0
S128,Nurse,2024-10-04 08:02:00,08:02 AM,04:09 PM,ICU,9,8,1
S129,Nurse,2024-10-04 16:02:00,04:02 PM,11:28 PM,ICU,8,10,0
S130,Nurse,2024-10-04 16:08:00,04:08 PM,11:03 PM,ICU,7,4,0
S131,Surgeon,2024-10-04 08:23:00,08:23 AM,04:12 PM,ICU,7,2,0
S132,Surgeon,2024-10-04 08:27:00,08:27 AM,04:15 PM,ICU,7,2,0
S133,Surgeon,2024-10-04 16:00:00,04:00 PM,11:04 PM,ICU,7,1,0
S134,Surgeon,2024-10-04 16:02:00,04:02 PM,11:27 PM,ICU,7,1,0
S135,Technician,2024-10-04 08:08:00,08:08 AM,04:02 PM,ICU,8,2,0
S136,Technician,2024-10-04 08:26:00,08:26 AM,04:21 PM,ICU,8,5,0
S137,Technician,2024-10-04 16:13:00,04:13 PM,11:20 PM,ICU,7,6,0
S138,Technician,2024-10-04 16:18:00,04:18 PM,11:05 PM,ICU,7,5,0
S139,Nurse,2024-10-05 08:15:00,08:15 AM,04:08 PM,ER,8,9,0
S140,Nurse,2024-10-05 08:04:00,08:04 AM,04:11 PM,ER,9,5,1
S141,Nurse,2024-10-05 16:00:00,04:00 PM,11:08 PM,ER,7,6,0
S142,Nurse,2024-10-05 16:23:00,04:23 PM,11:16 PM,ER,7,3,0
S143,Surgeon,2024-10-05 08:13:00,08:13 AM,04:10 PM,ER,8,2,0
S144,Surgeon,2024-10-05 08:13:00,08:13 AM,04:11 PM,ER,8,4,0
S145,Surgeon,2024-10-05 16:04:00,04:04 PM,11:04 PM,ER,8,2,0
S146,Surgeon,2024-10-05 16:06:00,04:06 PM,11:06 PM,ER,8,4,0
S147,Technician,2024-10-05 08:21:00,08:21 AM,04:11 PM,ER,9,5,1
S148,Technician,2024-10-05 08:00:00,08:00 AM,04:27 PM,ER,7,6,0
S149,Technician,2024-10-05 16:17:00,04:17 PM,11:29 PM,ER,6,6,0
S150,Technician,2024-10-05 16:23:00,04:23 PM,11:19 PM,ER,8,4,0
S151,Nurse,2024-10-05 08:02:00,08:02 AM,04:24 PM,General Ward,7,3,0
S152,Nurse,2024-10-05 08:20:00,08:20 AM,04:00 PM,General Ward,8,10,0
S153,Nurse,2024-10-05 08:15:00,08:15 AM,04:28 PM,General Ward,8,3,0
S154,Nurse,2024-10-05 16:24:00,04:24 PM,11:09 PM,General Ward,6,9,0
S155,Nurse,2024-10-05 16:10:00,04:10 PM,11:00 PM,General Ward,8,8,0
S156,Surgeon,2024-10-05 08:04:00,08:04 AM,04:07 PM,General Ward,9,1,1
S157,Surgeon,2024-10-05 16:21:00,04:21 PM,11:00 PM,General Ward,7,3,0
S158,Technician,2024-10-05 08:17:00,08:17 AM,04:29 PM,General Ward,9,4,1
S159,Technician,2024-10-05 08:28:00,08:28 AM,04:05 PM,General Ward,9,5,1
S160,Technician,2024-10-05 16:26:00,04:26 PM,11:07 PM,General Ward,7,3,0
S161,Nurse,2024-10-05 08:01:00,08:01 AM,04:02 PM,ICU,9,8,1
S162,Nurse,2024-10-05 08:29:00,08:29 AM,04:05 PM,ICU,7,10,0
S163,Nurse,2024-10-05 08:07:00,08:07 AM,04:06 PM,ICU,8,9,0
S164,Nurse,2024-10-05 16:17:00,04:17 PM,11:13 PM,ICU,6,7,0
S165,Nurse,2024-10-05 16:01:00,04:01 PM,11:13 PM,ICU,6,5,0
S166,Surgeon,2024-10-05 08:10:00,08:10 AM,04:09 PM,ICU,9,2,1
S167,Surgeon,2024-10-05 08:14:00,08:14 AM,04:25 PM,ICU,7,3,0
S168,Surgeon,2024-10-05 16:14:00,04:14 PM,11:07 PM,ICU,7,1,0
S169,Surgeon,2024-10-05 16:23:00,04:23 PM,11:22 PM,ICU,8,1,0
S170,Technician,2024-10-05 08:00:00,08:00 AM,04:10 PM,ICU,8,2,0
S171,Technician,2024-10-05 08:13:00,08:13 AM,04:08 PM,ICU,7,6,0
S172,Technician,2024-10-05 16:10:00,04:10 PM,11:02 PM,ICU,8,5,0
S173,Technician,2024-10-05 16:11:00,04:11 PM,11:17 PM,ICU,7,4,0
S174,Nurse,2024-10-06 08:08:00,08:08 AM,04:09 PM,ER,9,5,1
S175,Nurse,2024-10-06 08:04:00,08:04 AM,04:05 PM,ER,7,8,0
S176,Nurse,2024-10-06 08:07:00,08:07 AM,04:19 PM,ER,8,6,0
S177,Nurse,2024-10-06 16:26:00,04:26 PM,11:11 PM,ER,6,3,0
S178,Nurse,2024-10-06 16:25:00,04:25 PM,11:19 PM,ER,6,8,0
S179,Nurse,2024-10-06 16:19:00,04:19 PM,11:09 PM,ER,6,6,0
S180,Surgeon,2024-10-06 08:18:00,08:18 AM,04:18 PM,ER,7,4,0
S181,Surgeon,2024-10-06 08:02:00,08:02 AM,04:07 PM,ER,9,1,1
S182,Surgeon,2024-10-06 16:10:00,04:10 PM,11:28 PM,ER,6,1,0
S183,Surgeon,2024-10-06 16:27:00,04:27 PM,11:09 PM,ER,7,4,0
S184,Technician,2024-10-06 08:04:00,08:04 AM,04:17 PM,ER,7,3,0
S185,Technician,2024-10-06 08:12:00,08:12 AM,04:11 PM,ER,7,6,0
S186,Technician,2024-10-06 16:09:00,04:09 PM,11:22 PM,ER,8,4,0
S187,Technician,2024-10-06 16:15:00,04:15 PM,11:02 PM,ER,8,5,0
S188,Nurse,2024-10-06 08:10:00,08:10 AM,04:10 PM,General Ward,9,6,1
S189,Nurse,2024-10-06 08:21:00,08:21 AM,04:11 PM,General Ward,7,10,0
S190,Nurse,2024-10-06 08:09:00,08:09 AM,04:23 PM,General Ward,8,6,0
S191,Nurse,2024-10-06 16:24:00,04:24 PM,11:26 PM,General Ward,8,10,0
S192,Nurse,2024-10-06 16:28:00,04:28 PM,11:27 PM,General Ward,8,4,0
S193,Nurse,2024-10-06 16:16:00,04:16 PM,11:28 PM,General Ward,8,9,0
S194,Surgeon,2024-10-06 08:19:00,08:19 AM,04:02 PM,General Ward,8,2,0
S195,Surgeon,2024-10-06 08:12:00,08:12 AM,04:28 PM,General Ward,9,3,1
S196,Surgeon,2024-10-06 16:04:00,04:04 PM,11:18 PM,General Ward,6,4,0
S197,Surgeon,2024-10-06 16:11:00,04:11 PM,11:12 PM,General Ward,6,1,0
S198,Technician,2024-10-06 08:15:00,08:15 AM,04:10 PM,General Ward,9,6,1
S199,Technician,2024-10-06 08:00:00,08:00 AM,04:12 PM,General Ward,8,5,0
S200,Technician,2024-10-06 16:15:00,04:15 PM,11:11 PM,General Ward,8,3,0
S201,Technician,2024-10-06 16:02:00,04:02 PM,11:12 PM,General Ward,6,5,0
S202,Nurse,2024-10-06 08:09:00,08:09 AM,04:10 PM,ICU,9,5,1
S203,Nurse,2024-10-06 08:12:00,08:12 AM,04:14 PM,ICU,7,8,0
S204,Nurse,2024-10-06 08:12:00,08:12 AM,04:00 PM,ICU,7,7,0
S205,Nurse,2024-10-06 16:21:00,04:21 PM,11:17 PM,ICU,7,3,0
S206,Nurse,2024-10-06 16:03:00,04:03 PM,11:24 PM,ICU,6,8,0
S207,Surgeon,2024-10-06 08:27:00,08:27 AM,04:15 PM,ICU,7,4,0
S208,Surgeon,2024-10-06 16:21:00,04:21 PM,11:19 PM,ICU,6,4,0
S209,Technician,2024-10-06 08:25:00,08:25 AM,04:01 PM,ICU,8,5,0
S210,Technician,2024-10-06 08:19:00,08:19 AM,04:23 PM,ICU,8,6,0
S211,Technician,2024-10-06 16:26:00,04:26 PM,11:13 PM,ICU,6,3,0
S212,Technician,2024-10-06 16:25:00,04:25 PM,11:21 PM,ICU,6,4,0
S213,Nurse,2024-10-07 08:22:00,08:22 AM,04:23 PM,ER,7,4,0
S214,Nurse,2024-10-07 08:01:00,08:01 AM,04:25 PM,ER,8,3,0
S215,Nurse,2024-10-07 16:18:00,04:18 PM,11:29 PM,ER,7,6,0
S216,Nurse,2024-10-07 16:08:00,04:08 PM,11:02 PM,ER,8,9,0
S217,Surgeon,2024-10-07 08:27:00,08:27 AM,04:19 PM,ER,9,1,1
S218,Surgeon,2024-10-07 16:17:00,04:17 PM,11:15 PM,ER,6,1,0
S219,Technician,2024-10-07 08:18:00,08:18 AM,04:11 PM,ER,7,6,0
S220,Technician,2024-10-07 16:13:00,04:13 PM,11:13 PM,ER,8,2,0
S221,Nurse,2024-10-07 08:21:00,08:21 AM,04:11 PM,General Ward,7,3,0
S222,Nurse,2024-10-07 08:12:00,08:12 AM,04:00 PM,General Ward,7,5,0
S223,Nurse,2024-10-07 08:14:00,08:14 AM,04:26 PM,General Ward,8,10,0
S224,Nurse,2024-10-07 16:10:00,04:10 PM,11:29 PM,General Ward,7,8,0
S225,Nurse,2024-10-07 16:14:00,04:14 PM,11:17 PM,General Ward,6,9,0
S226,Surgeon,2024-10-07 08:07:00,08:07 AM,04:28 PM,General Ward,8,3,0
S227,Surgeon,2024-10-07 08:18:00,08:18 AM,04:28 PM,General Ward,8,2,0
S228,Surgeon,2024-10-07 16:16:00,04:16 PM,11:26 PM,General Ward,8,2,0
S229,Surgeon,2024-10-07 16:29:00,04:29 PM,11:15 PM,General Ward,8,3,0
S230,Technician,2024-10-07 08:18:00,08:18 AM,04:27 PM,General Ward,9,6,1
S231,Technician,2024-10-07 08:13:00,08:13 AM,04:24 PM,General Ward,7,6,0
S232,Technician,2024-10-07 16:02:00,04:02 PM,11:24 PM,General Ward,8,6,0
S233,Technician,2024-10-07 16:21:00,04:21 PM,11:14 PM,General Ward,6,4,0
S234,Nurse,2024-10-07 08:05:00,08:05 AM,04:29 PM,ICU,7,4,0
S235,Nurse,2024-10-07 08:15:00,08:15 AM,04:26 PM,ICU,7,9,0
S236,Nurse,2024-10-07 08:03:00,08:03 AM,04:24 PM,ICU,7,8,0
S237,Nurse,2024-10-07 16:05:00,04:05 PM,11:07 PM,ICU,8,10,0
S238,Nurse,2024-10-07 16:19:00,04:19 PM,11:11 PM,ICU,8,9,0
S239,Nurse,2024-10-07 16:19:00,04:19 PM,11:12 PM,ICU,6,9,0
S240,Surgeon,2024-10-07 08:12:00,08:12 AM,04:03 PM,ICU,9,4,1
S241,Surgeon,2024-10-07 08:07:00,08:07 AM,04:04 PM,ICU,9,2,1
S242,Surgeon,2024-10-07 16:09:00,04:09 PM,11:04 PM,ICU,8,2,0
S243,Technician,2024-10-07 08:09:00,08:09 AM,04:27 PM,ICU,9,4,1
S244,Technician,2024-10-07 16:28:00,04:28 PM,11:26 PM,ICU,8,2,0
S245,Nurse,2024-10-08 08:09:00,08:09 AM,04:19 PM,ER,8,6,0
S246,Nurse,2024-10-08 08:07:00,08:07 AM,04:05 PM,ER,9,10,1
S247,Nurse,2024-10-08 08:12:00,08:12 AM,04:04 PM,ER,8,5,0
S248,Nurse,2024-10-08 16:28:00,04:28 PM,11:02 PM,ER,8,5,0
S249,Nurse,2024-10-08 16:12:00,04:12 PM,11:01 PM,ER,6,8,0
S250,Surgeon,2024-10-08 08:21:00,08:21 AM,04:03 PM,ER,8,2,0
S251,Surgeon,2024-10-08 08:06:00,08:06 AM,04:08 PM,ER,9,3,1
S252,Surgeon,2024-10-08 16:05:00,04:05 PM,11:11 PM,ER,8,3,0
S253,Surgeon,2024-10-08 16:19:00,04:19 PM,11:15 PM,ER,8,3,0
S254,Technician,2024-10-08 08:10:00,08:10 AM,04:16 PM,ER,7,3,0
S255,Technician,2024-10-08 08:07:00,08:07 AM,04:01 PM,ER,7,5,0
S256,Technician,2024-10-08 16:21:00,04:21 PM,11:16 PM,ER,7,5,0
S257,Nurse,2024-10-08 08:02:00,08:02 AM,04:12 PM,General Ward,9,10,1
S258,Nurse,2024-10-08 08:15:00,08:15 AM,04:19 PM,General Ward,9,8,1
S259,Nurse,2024-10-08 08:24:00,08:24 AM,04:04 PM,General Ward,8,8,0
S260,Nurse,2024-10-08 16:21:00,04:21 PM,11:06 PM,General Ward,7,3,0
S261,Nurse,2024-10-08 16:01:00,04:01 PM,11:22 PM,General Ward,8,5,0
S262,Surgeon,2024-10-08 08:14:00,08:14 AM,04:02 PM,General Ward,7,3,0
S263,Surgeon,2024-10-08 08:22:00,08:22 AM,04:23 PM,General Ward,7,2,0
S264,Surgeon,2024-10-08 16:25:00,04:25 PM,11:08 PM,General Ward,8,4,0
S265,Surgeon,2024-10-08 16:26:00,04:26 PM,11:21 PM,General Ward,6,2,0
S266,Technician,2024-10-08 08:07:00,08:07 AM,04:18 PM,General Ward,8,2,0
S267,Technician,2024-10-08 16:21:00,04:21 PM,11:24 PM,General Ward,7,2,0
S268,Nurse,2024-10-08 08:19:00,08:19 AM,04:10 PM,ICU,9,8,1
S269,Nurse,2024-10-08 08:22:00,08:22 AM,04:06 PM,ICU,7,7,0
S270,Nurse,2024-10-08 08:10:00,08:10 AM,04:25 PM,ICU,8,6,0
S271,Nurse,2024-10-08 16:00:00,04:00 PM,11:21 PM,ICU,7,3,0
S272,Nurse,2024-10-08 16:13:00,04:13 PM,11:24 PM,ICU,7,9,0
S273,Surgeon,2024-10-08 08:21:00,08:21 AM,04:03 PM,ICU,8,2,0
S274,Surgeon,2024-10-08 08:14:00,08:14 AM,04:09 PM,ICU,8,4,0
S275,Surgeon,2024-10-08 16:23:00,04:23 PM,11:06 PM,ICU,6,3,0
S276,Surgeon,2024-10-08 16:25:00,04:25 PM,11:12 PM,ICU,7,4,0
S277,Technician,2024-10-08 08:18:00,08:18 AM,04:04 PM,ICU,7,6,0
S278,Technician,2024-10-08 08:02:00,08:02 AM,04:24 PM,ICU,9,5,1
S279,Technician,2024-10-08 16:02:00,04:02 PM,11:02 PM,ICU,6,3,0
S280,Technician,2024-10-08 16:10:00,04:10 PM,11:18 PM,ICU,6,2,0
S281,Nurse,2024-10-09 08:26:00,08:26 AM,04:05 PM,ER,8,3,0
S282,Nurse,2024-10-09 08:15:00,08:15 AM,04:00 PM,ER,7,8,0
S283,Nurse,2024-10-09 08:13:00,08:13 AM,04:28 PM,ER,9,5,1
S284,Nurse,2024-10-09 16:23:00,04:23 PM,11:20 PM,ER,6,3,0
S285,Nurse,2024-10-09 16:00:00,04:00 PM,11:10 PM,ER,6,7,0
S286,Surgeon,2024-10-09 08:01:00,08:01 AM,04:06 PM,ER,9,4,1
S287,Surgeon,2024-10-09 08:00:00,08:00 AM,04:03 PM,ER,8,4,0
S288,Surgeon,2024-10-09 16:21:00,04:21 PM,11:00 PM,ER,6,3,0
S289,Surgeon,2024-10-09 16:14:00,04:14 PM,11:12 PM,ER,7,4,0
S290,Technician,2024-10-09 08:29:00,08:29 AM,04:08 PM,ER,8,5,0
S291,Technician,2024-10-09 16:16:00,04:16 PM,11:00 PM,ER,7,2,0
S292,Nurse,2024-10-09 08:22:00,08:22 AM,04:02 PM,General Ward,7,10,0
S293,Nurse,2024-10-09 08:13:00,08:13 AM,04:11 PM,General Ward,7,10,0
S294,Nurse,2024-10-09 08:27:00,08:27 AM,04:23 PM,General Ward,9,4,1
S295,Nurse,2024-10-09 16:15:00,04:15 PM,11:16 PM,General Ward,6,4,0
S296,Nurse,2024-10-09 16:23:00,04:23 PM,11:21 PM,General Ward,8,8,0
S297,Surgeon,2024-10-09 08:29:00,08:29 AM,04:13 PM,General Ward,9,1,1
S298,Surgeon,2024-10-09 08:12:00,08:12 AM,04:15 PM,General Ward,9,2,1
S299,Surgeon,2024-10-09 16:19:00,04:19 PM,11:04 PM,General Ward,8,3,0
S300,Technician,2024-10-09 08:17:00,08:17 AM,04:15 PM,General Ward,9,2,1
S301,Technician,2024-10-09 08:28:00,08:28 AM,04:21 PM,General Ward,7,3,0
S302,Technician,2024-10-09 16:11:00,04:11 PM,11:06 PM,General Ward,7,3,0
S303,Nurse,2024-10-09 08:14:00,08:14 AM,04:07 PM,ICU,8,10,0
S304,Nurse,2024-10-09 08:18:00,08:18 AM,04:24 PM,ICU,8,4,0
S305,Nurse,2024-10-09 16:29:00,04:29 PM,11:18 PM,ICU,8,8,0
S306,Nurse,2024-10-09 16:10:00,04:10 PM,11:18 PM,ICU,7,6,0
S307,Surgeon,2024-10-09 08:04:00,08:04 AM,04:02 PM,ICU,8,2,0
S308,Surgeon,2024-10-09 16:24:00,04:24 PM,11:14 PM,ICU,6,4,0
S309,Technician,2024-10-09 08:02:00,08:02 AM,04:03 PM,ICU,7,3,0
S310,Technician,2024-10-09 16:10:00,04:10 PM,11:28 PM,ICU,7,6,0
S311,Nurse,2024-10-10 08:13:00,08:13 AM,04:02 PM,ER,9,3,1
S312,Nurse,2024-10-10 08:23:00,08:23 AM,04:02 PM,ER,7,8,0
S313,Nurse,2024-10-10 16:28:00,04:28 PM,11:03 PM,ER,6,8,0
S314,Nurse,2024-10-10 16:21:00,04:21 PM,11:02 PM,ER,6,5,0
S315,Surgeon,2024-10-10 08:17:00,08:17 AM,04:10 PM,ER,9,3,1
S316,Surgeon,2024-10-10 08:03:00,08:03 AM,04:14 PM,ER,8,1,0
S317,Surgeon,2024-10-10 16:07:00,04:07 PM,11:07 PM,ER,7,3,0
S318,Technician,2024-10-10 08:16:00,08:16 AM,04:03 PM,ER,8,3,0
S319,Technician,2024-10-10 08:23:00,08:23 AM,04:11 PM,ER,8,5,0
S320,Technician,2024-10-10 16:04:00,04:04 PM,11:02 PM,ER,8,5,0
S321,Nurse,2024-10-10 08:18:00,08:18 AM,04:05 PM,General Ward,8,5,0
S322,Nurse,2024-10-10 08:00:00,08:00 AM,04:06 PM,General Ward,8,10,0
S323,Nurse,2024-10-10 16:17:00,04:17 PM,11:17 PM,General Ward,8,5,0
S324,Nurse,2024-10-10 16:13:00,04:13 PM,11:04 PM,General Ward,8,3,0
S325,Surgeon,2024-10-10 08:03:00,08:03 AM,04:14 PM,General Ward,8,4,0
S326,Surgeon,2024-10-10 16:18:00,04:18 PM,11:22 PM,General Ward,7,2,0
S327,Technician,2024-10-10 08:02:00,08:02 AM,04:20 PM,General Ward,8,2,0
S328,Technician,2024-10-10 08:08:00,08:08 AM,04:03 PM,General Ward,7,5,0
S329,Technician,2024-10-10 16:03:00,04:03 PM,11:15 PM,General Ward,8,3,0
S330,Technician,2024-10-10 16:04:00,04:04 PM,11:13 PM,General Ward,6,6,0
S331,Nurse,2024-10-10 08:05:00,08:05 AM,04:05 PM,ICU,7,10,0
S332,Nurse,2024-10-10 08:05:00,08:05 AM,04:15 PM,ICU,8,5,0
S333,Nurse,2024-10-10 08:11:00,08:11 AM,04:28 PM,ICU,7,9,0
S334,Nurse,2024-10-10 16:08:00,04:08 PM,11:26 PM,ICU,7,4,0
S335,Nurse,2024-10-10 16:03:00,04:03 PM,11:15 PM,ICU,6,9,0
S336,Surgeon,2024-10-10 08:16:00,08:16 AM,04:08 PM,ICU,7,1,0
S337,Surgeon,2024-10-10 16:13:00,04:13 PM,11:11 PM,ICU,7,4,0
S338,Technician,2024-10-10 08:27:00,08:27 AM,04:06 PM,ICU,9,4,1
S339,Technician,2024-10-10 16:07:00,04:07 PM,11:16 PM,ICU,7,4,0
S340,Nurse,2024-10-11 08:04:00,08:04 AM,04:00 PM,ER,9,4,1
S341,Nurse,2024-10-11 08:08:00,08:08 AM,04:12 PM,ER,7,8,0
S342,Nurse,2024-10-11 08:20:00,08:20 AM,04:22 PM,ER,9,7,1
S343,Nurse,2024-10-11 16:26:00,04:26 PM,11:17 PM,ER,8,9,0
S344,Nurse,2024-10-11 16:10:00,04:10 PM,11:08 PM,ER,7,9,0
S345,Nurse,2024-10-11 16:05:00,04:05 PM,11:12 PM,ER,8,8,0
S346,Surgeon,2024-10-11 08:15:00,08:15 AM,04:23 PM,ER,8,1,0
S347,Surgeon,2024-10-11 08:12:00,08:12 AM,04:09 PM,ER,9,1,1
S348,Surgeon,2024-10-11 16:05:00,04:05 PM,11:00 PM,ER,6,3,0
S349,Technician,2024-10-11 08:00:00,08:00 AM,04:04 PM,ER,9,6,1
S350,Technician,2024-10-11 08:23:00,08:23 AM,04:17 PM,ER,8,6,0
S351,Technician,2024-10-11 16:25:00,04:25 PM,11:13 PM,ER,6,2,0
S352,Nurse,2024-10-11 08:25:00,08:25 AM,04:09 PM,General Ward,7,10,0
S353,Nurse,2024-10-11 08:02:00,08:02 AM,04:22 PM,General Ward,9,6,1
S354,Nurse,2024-10-11 08:08:00,08:08 AM,04:12 PM,General Ward,8,9,0
S355,Nurse,2024-10-11 16:10:00,04:10 PM,11:21 PM,General Ward,7,6,0
S356,Nurse,2024-10-11 16:21:00,04:21 PM,11:26 PM,General Ward,8,8,0
S357,Surgeon,2024-10-11 08:22:00,08:22 AM,04:24 PM,General Ward,9,2,1
S358,Surgeon,2024-10-11 08:16:00,08:16 AM,04:13 PM,General Ward,7,2,0
S359,Surgeon,2024-10-11 16:23:00,04:23 PM,11:17 PM,General Ward,6,4,0
S360,Technician,2024-10-11 08:09:00,08:09 AM,04:25 PM,General Ward,8,4,0
S361,Technician,2024-10-11 08:03:00,08:03 AM,04:15 PM,General Ward,7,2,0
S362,Technician,2024-10-11 16:04:00,04:04 PM,11:14 PM,General Ward,8,5,0
S363,Nurse,2024-10-11 08:01:00,08:01 AM,04:29 PM,ICU,7,6,0
S364,Nurse,2024-10-11 08:06:00,08:06 AM,04:26 PM,ICU,8,7,0
S365,Nurse,2024-10-11 16:29:00,04:29 PM,11:25 PM,ICU,8,9,0
S366,Nurse,2024-10-11 16:10:00,04:10 PM,11:00 PM,ICU,7,9,0
S367,Surgeon,2024-10-11 08:26:00,08:26 AM,04:14 PM,ICU,8,1,0
S368,Surgeon,2024-10-11 08:24:00,08:24 AM,04:26 PM,ICU,7,2,0
S369,Surgeon,2024-10-11 16:01:00,04:01 PM,11:18 PM,ICU,6,4,0
S370,Surgeon,2024-10-11 16:05:00,04:05 PM,11:12 PM,ICU,6,4,0
S371,Technician,2024-10-11 08:15:00,08:15 AM,04:17 PM,ICU,8,4,0
S372,Technician,2024-10-11 16:02:00,04:02 PM,11:10 PM,ICU,7,4,0
S373,Nurse,2024-10-12 08:18:00,08:18 AM,04:19 PM,ER,7,7,0
S374,Nurse,2024-10-12 08:20:00,08:20 AM,04:10 PM,ER,8,3,0
S375,Nurse,2024-10-12 16:07:00,04:07 PM,11:02 PM,ER,8,4,0
S376,Nurse,2024-10-12 16:24:00,04:24 PM,11:03 PM,ER,8,9,0
S377,Surgeon,2024-10-12 08:22:00,08:22 AM,04:21 PM,ER,8,4,0
S378,Surgeon,2024-10-12 08:27:00,08:27 AM,04:23 PM,ER,8,3,0
S379,Surgeon,2024-10-12 16:15:00,04:15 PM,11:27 PM,ER,7,4,0
S380,Surgeon,2024-10-12 16:16:00,04:16 PM,11:18 PM,ER,7,4,0
S381,Technician,2024-10-12 08:05:00,08:05 AM,04:21 PM,ER,7,4,0
S382,Technician,2024-10-12 16:14:00,04:14 PM,11:20 PM,ER,7,4,0
S383,Nurse,2024-10-12 08:02:00,08:02 AM,04:18 PM,General Ward,8,3,0
S384,Nurse,2024-10-12 08:07:00,08:07 AM,04:06 PM,General Ward,9,3,1
S385,Nurse,2024-10-12 08:01:00,08:01 AM,04:21 PM,General Ward,7,4,0
S386,Nurse,2024-10-12 16:26:00,04:26 PM,11:08 PM,General Ward,6,7,0
S387,Nurse,2024-10-12 16:11:00,04:11 PM,11:14 PM,General Ward,6,9,0
S388,Nurse,2024-10-12 16:11:00,04:11 PM,11:29 PM,General Ward,7,5,0
S389,Surgeon,2024-10-12 08:28:00,08:28 AM,04:17 PM,General Ward,9,3,1
S390,Surgeon,2024-10-12 08:21:00,08:21 AM,04:08 PM,General Ward,8,3,0
S391,Surgeon,2024-10-12 16:05:00,04:05 PM,11:03 PM,General Ward,8,2,0
S392,Technician,2024-10-12 08:24:00,08:24 AM,04:03 PM,General Ward,9,5,1
S393,Technician,2024-10-12 16:17:00,04:17 PM,11:06 PM,General Ward,7,2,0
S394,Nurse,2024-10-12 08:15:00,08:15 AM,04:18 PM,ICU,7,3,0
S395,Nurse,2024-10-12 08:07:00,08:07 AM,04:23 PM,ICU,9,8,1
S396,Nurse,2024-10-12 08:15:00,08:15 AM,04:20 PM,ICU,9,6,1
S397,Nurse,2024-10-12 16:19:00,04:19 PM,11:20 PM,ICU,6,7,0
S398,Nurse,2024-10-12 16:07:00,04:07 PM,11:27 PM,ICU,6,10,0
S399,Surgeon,2024-10-12 08:09:00,08:09 AM,04:14 PM,ICU,9,1,1
S400,Surgeon,2024-10-12 08:05:00,08:05 AM,04:29 PM,ICU,8,2,0
S401,Surgeon,2024-10-12 16:00:00,04:00 PM,11:20 PM,ICU,6,3,0
S402,Technician,2024-10-12 08:28:00,08:28 AM,04:09 PM,ICU,9,4,1
S403,Technician,2024-10-12 16:06:00,04:06 PM,11:09 PM,ICU,6,2,0
S404,Nurse,2024-10-13 08:19:00,08:19 AM,04:19 PM,ER,9,5,1
S405,Nurse,2024-10-13 08:10:00,08:10 AM,04:11 PM,ER,8,6,0
S406,Nurse,2024-10-13 16:03:00,04:03 PM,11:25 PM,ER,7,6,0
S407,Nurse,2024-10-13 16:19:00,04:19 PM,11:08 PM,ER,6,9,0
S408,Surgeon,2024-10-13 08:25:00,08:25 AM,04:29 PM,ER,7,3,0
S409,Surgeon,2024-10-13 08:04:00,08:04 AM,04:05 PM,ER,8,1,0
S410,Surgeon,2024-10-13 16:26:00,04:26 PM,11:11 PM,ER,8,4,0
S411,Technician,2024-10-13 08:04:00,08:04 AM,04:10 PM,ER,8,4,0
S412,Technician,2024-10-13 08:20:00,08:20 AM,04:13 PM,ER,7,5,0
S413,Technician,2024-10-13 16:18:00,04:18 PM,11:13 PM,ER,7,4,0
S414,Nurse,2024-10-13 08:25:00,08:25 AM,04:25 PM,General Ward,9,9,1
S415,Nurse,2024-10-13 08:16:00,08:16 AM,04:28 PM,General Ward,7,8,0
S416,Nurse,2024-10-13 08:27:00,08:27 AM,04:17 PM,General Ward,7,4,0
S417,Nurse,2024-10-13 16:03:00,04:03 PM,11:06 PM,General Ward,6,4,0
S418,Nurse,2024-10-13 16:17:00,04:17 PM,11:20 PM,General Ward,8,3,0
S419,Surgeon,2024-10-13 08:22:00,08:22 AM,04:00 PM,General Ward,9,1,1
S420,Surgeon,2024-10-13 08:00:00,08:00 AM,04:10 PM,General Ward,8,4,0
S421,Surgeon,2024-10-13 16:10:00,04:10 PM,11:29 PM,General Ward,8,3,0
S422,Technician,2024-10-13 08:14:00,08:14 AM,04:23 PM,General Ward,8,5,0
S423,Technician,2024-10-13 16:28:00,04:28 PM,11:08 PM,General Ward,7,4,0
S424,Nurse,2024-10-13 08:15:00,08:15 AM,04:19 PM,ICU,7,3,0
S425,Nurse,2024-10-13 08:01:00,08:01 AM,04:28 PM,ICU,8,10,0
S426,Nurse,2024-10-13 16:03:00,04:03 PM,11:19 PM,ICU,7,9,0
S427,Nurse,2024-10-13 16:23:00,04:23 PM,11:16 PM,ICU,7,10,0
S428,Surgeon,2024-10-13 08:29:00,08:29 AM,04:13 PM,ICU,8,4,0
S429,Surgeon,2024-10-13 16:11:00,04:11 PM,11:07 PM,ICU,8,4,0
S430,Technician,2024-10-13 08:28:00,08:28 AM,04:26 PM,ICU,7,5,0
S431,Technician,2024-10-13 08:17:00,08:17 AM,04:26 PM,ICU,9,2,1
S432,Technician,2024-10-13 16:10:00,04:10 PM,11:17 PM,ICU,7,4,0
S433,Technician,2024-10-13 16:08:00,04:08 PM,11:26 PM,ICU,7,3,0
S434,Nurse,2024-10-14 08:29:00,08:29 AM,04:07 PM,ER,9,5,1
S435,Nurse,2024-10-14 08:18:00,08:18 AM,04:19 PM,ER,9,10,1
S436,Nurse,2024-10-14 08:12:00,08:12 AM,04:17 PM,ER,9,8,1
S437,Nurse,2024-10-14 16:29:00,04:29 PM,11:05 PM,ER,8,8,0
S438,Nurse,2024-10-14 16:19:00,04:19 PM,11:06 PM,ER,7,9,0
S439,Nurse,2024-10-14 16:23:00,04:23 PM,11:23 PM,ER,8,10,0
S440,Surgeon,2024-10-14 08:19:00,08:19 AM,04:17 PM,ER,7,2,0
S441,Surgeon,2024-10-14 16:01:00,04:01 PM,11:11 PM,ER,8,1,0
S442,Technician,2024-10-14 08:28:00,08:28 AM,04:23 PM,ER,7,6,0
S443,Technician,2024-10-14 16:17:00,04:17 PM,11:29 PM,ER,8,6,0
S444,Nurse,2024-10-14 08:29:00,08:29 AM,04:24 PM,General Ward,8,8,0
S445,Nurse,2024-10-14 08:04:00,08:04 AM,04:29 PM,General Ward,7,9,0
S446,Nurse,2024-10-14 08:04:00,08:04 AM,04:08 PM,General Ward,7,3,0
S447,Nurse,2024-10-14 16:11:00,04:11 PM,11:16 PM,General Ward,6,9,0
S448,Nurse,2024-10-14 16:07:00,04:07 PM,11:16 PM,General Ward,8,8,0
S449,Surgeon,2024-10-14 08:13:00,08:13 AM,04:01 PM,General Ward,7,1,0
S450,Surgeon,2024-10-14 08:01:00,08:01 AM,04:26 PM,General Ward,8,4,0
S451,Surgeon,2024-10-14 16:09:00,04:09 PM,11:22 PM,General Ward,7,3,0
S452,Surgeon,2024-10-14 16:27:00,04:27 PM,11:03 PM,General Ward,8,1,0
S453,Technician,2024-10-14 08:03:00,08:03 AM,04:00 PM,General Ward,8,3,0
S454,Technician,2024-10-14 16:19:00,04:19 PM,11:25 PM,General Ward,7,6,0
S455,Nurse,2024-10-14 08:21:00,08:21 AM,04:29 PM,ICU,9,8,1
S456,Nurse,2024-10-14 08:14:00,08:14 AM,04:04 PM,ICU,7,3,0
S457,Nurse,2024-10-14 08:27:00,08:27 AM,04:09 PM,ICU,9,7,1
S458,Nurse,2024-10-14 16:05:00,04:05 PM,11:01 PM,ICU,8,8,0
S459,Nurse,2024-10-14 16:23:00,04:23 PM,11:29 PM,ICU,6,3,0
S460,Nurse,2024-10-14 16:12:00,04:12 PM,11:18 PM,ICU,7,10,0
S461,Surgeon,2024-10-14 08:17:00,08:17 AM,04:29 PM,ICU,9,4,1
S462,Surgeon,2024-10-14 08:04:00,08:04 AM,04:27 PM,ICU,9,2,1
S463,Surgeon,2024-10-14 16:28:00,04:28 PM,11:29 PM,ICU,7,1,0
S464,Surgeon,2024-10-14 16:26:00,04:26 PM,11:17 PM,ICU,7,1,0
S465,Technician,2024-10-14 08:17:00,08:17 AM,04:21 PM,ICU,8,2,0
S466,Technician,2024-10-14 08:27:00,08:27 AM,04:13 PM,ICU,7,4,0
S467,Technician,2024-10-14 16:16:00,04:16 PM,11:08 PM,ICU,6,3,0
S468,Nurse,2024-10-15 08:29:00,08:29 AM,04:18 PM,ER,9,4,1
S469,Nurse,2024-10-15 08:22:00,08:22 AM,04:05 PM,ER,8,9,0
S470,Nurse,2024-10-15 08:06:00,08:06 AM,04:28 PM,ER,8,4,0
S471,Nurse,2024-10-15 16:18:00,04:18 PM,11:13 PM,ER,6,6,0
S472,Nurse,2024-10-15 16:05:00,04:05 PM,11:02 PM,ER,6,3,0
S473,Surgeon,2024-10-15 08:22:00,08:22 AM,04:18 PM,ER,7,1,0
S474,Surgeon,2024-10-15 08:27:00,08:27 AM,04:28 PM,ER,7,4,0
S475,Surgeon,2024-10-15 16:22:00,04:22 PM,11:18 PM,ER,7,2,0
S476,Surgeon,2024-10-15 16:13:00,04:13 PM,11:14 PM,ER,7,1,0
S477,Technician,2024-10-15 08:17:00,08:17 AM,04:13 PM,ER,8,3,0
S478,Technician,2024-10-15 16:09:00,04:09 PM,11:02 PM,ER,8,4,0
S479,Nurse,2024-10-15 08:23:00,08:23 AM,04:28 PM,General Ward,9,4,1
S480,Nurse,2024-10-15 08:11:00,08:11 AM,04:28 PM,General Ward,8,8,0
S481,Nurse,2024-10-15 08:27:00,08:27 AM,04:09 PM,General Ward,7,6,0
S482,Nurse,2024-10-15 16:18:00,04:18 PM,11:04 PM,General Ward,6,5,0
S483,Nurse,2024-10-15 16:06:00,04:06 PM,11:10 PM,General Ward,8,10,0
S484,Nurse,2024-10-15 16:28:00,04:28 PM,11:18 PM,General Ward,7,10,0
S485,Surgeon,2024-10-15 08:29:00,08:29 AM,04:19 PM,General Ward,9,4,1
S486,Surgeon,2024-10-15 08:16:00,08:16 AM,04:00 PM,General Ward,9,2,1
S487,Surgeon,2024-10-15 16:11:00,04:11 PM,11:22 PM,General Ward,7,2,0
S488,Technician,2024-10-15 08:09:00,08:09 AM,04:16 PM,General Ward,9,5,1
S489,Technician,2024-10-15 16:28:00,04:28 PM,11:15 PM,General Ward,6,4,0
S490,Nurse,2024-10-15 08:03:00,08:03 AM,04:26 PM,ICU,7,4,0
S491,Nurse,2024-10-15 08:20:00,08:20 AM,04:19 PM,ICU,8,7,0
S492,Nurse,2024-10-15 16:08:00,04:08 PM,11:09 PM,ICU,8,7,0
S493,Nurse,2024-10-15 16:24:00,04:24 PM,11:16 PM,ICU,6,9,0
S494,Surgeon,2024-10-15 08:19:00,08:19 AM,04:25 PM,ICU,9,2,1
S495,Surgeon,2024-10-15 08:09:00,08:09 AM,04:23 PM,ICU,7,4,0
S496,Surgeon,2024-10-15 16:19:00,04:19 PM,11:03 PM,ICU,6,3,0
S497,Surgeon,2024-10-15 16:12:00,04:12 PM,11:03 PM,ICU,6,1,0
S498,Technician,2024-10-15 08:07:00,08:07 AM,04:14 PM,ICU,8,6,0
S499,Technician,2024-10-15 16:27:00,04:27 PM,11:26 PM,ICU,8,5,0
S500,Nurse,2024-10-16 08:13:00,08:13 AM,04:09 PM,ER,8,5,0
S501,Nurse,2024-10-16 08:29:00,08:29 AM,04:11 PM,ER,8,10,0
S502,Nurse,2024-10-16 08:27:00,08:27 AM,04:19 PM,ER,7,9,0
S503,Nurse,2024-10-16 16:22:00,04:22 PM,11:22 PM,ER,6,8,0
S504,Nurse,2024-10-16 16:15:00,04:15 PM,11:26 PM,ER,7,7,0
S505,Nurse,2024-10-16 16:14:00,04:14 PM,11:02 PM,ER,8,7,0
S506,Surgeon,2024-10-16 08:04:00,08:04 AM,04:25 PM,ER,9,1,1
S507,Surgeon,2024-10-16 16:07:00,04:07 PM,11:28 PM,ER,6,2,0
S508,Technician,2024-10-16 08:14:00,08:14 AM,04:13 PM,ER,9,4,1
S509,Technician,2024-10-16 16:27:00,04:27 PM,11:19 PM,ER,6,2,0
S510,Nurse,2024-10-16 08:29:00,08:29 AM,04:29 PM,General Ward,7,5,0
S511,Nurse,2024-10-16 08:16:00,08:16 AM,04:17 PM,General Ward,8,8,0
S512,Nurse,2024-10-16 08:08:00,08:08 AM,04:20 PM,General Ward,9,4,1
S513,Nurse,2024-10-16 16:17:00,04:17 PM,11:10 PM,General Ward,7,6,0
S514,Nurse,2024-10-16 16:19:00,04:19 PM,11:12 PM,General Ward,8,5,0
S515,Nurse,2024-10-16 16:11:00,04:11 PM,11:06 PM,General Ward,8,3,0
S516,Surgeon,2024-10-16 08:12:00,08:12 AM,04:09 PM,General Ward,7,4,0
S517,Surgeon,2024-10-16 08:20:00,08:20 AM,04:29 PM,General Ward,9,1,1
S518,Surgeon,2024-10-16 16:16:00,04:16 PM,11:24 PM,General Ward,6,2,0
S519,Technician,2024-10-16 08:13:00,08:13 AM,04:14 PM,General Ward,8,6,0
S520,Technician,2024-10-16 16:19:00,04:19 PM,11:16 PM,General Ward,8,4,0
S521,Nurse,2024-10-16 08:18:00,08:18 AM,04:12 PM,ICU,7,9,0
S522,Nurse,2024-10-16 08:17:00,08:17 AM,04:16 PM,ICU,8,9,0
S523,Nurse,2024-10-16 08:17:00,08:17 AM,04:20 PM,ICU,9,8,1
S524,Nurse,2024-10-16 16:08:00,04:08 PM,11:26 PM,ICU,6,4,0
S525,Nurse,2024-10-16 16:16:00,04:16 PM,11:27 PM,ICU,6,8,0
S526,Surgeon,2024-10-16 08:16:00,08:16 AM,04:20 PM,ICU,7,1,0
S527,Surgeon,2024-10-16 16:24:00,04:24 PM,11:11 PM,ICU,8,1,0
S528,Technician,2024-10-16 08:12:00,08:12 AM,04:01 PM,ICU,7,6,0
S529,Technician,2024-10-16 16:06:00,04:06 PM,11:28 PM,ICU,7,3,0
S530,Nurse,2024-10-17 08:28:00,08:28 AM,04:07 PM,ER,8,9,0
S531,Nurse,2024-10-17 08:27:00,08:27 AM,04:15 PM,ER,7,7,0
S532,Nurse,2024-10-17 08:04:00,08:04 AM,04:07 PM,ER,9,10,1
S533,Nurse,2024-10-17 16:05:00,04:05 PM,11:01 PM,ER,7,3,0
S534,Nurse,2024-10-17 16:00:00,04:00 PM,11:16 PM,ER,6,10,0
S535,Nurse,2024-10-17 16:05:00,04:05 PM,11:29 PM,ER,6,4,0
S536,Surgeon,2024-10-17 08:23:00,08:23 AM,04:14 PM,ER,8,4,0
S537,Surgeon,2024-10-17 08:16:00,08:16 AM,04:02 PM,ER,8,2,0
S538,Surgeon,2024-10-17 16:12:00,04:12 PM,11:28 PM,ER,8,4,0
S539,Surgeon,2024-10-17 16:22:00,04:22 PM,11:17 PM,ER,7,3,0
S540,Technician,2024-10-17 08:21:00,08:21 AM,04:06 PM,ER,7,4,0
S541,Technician,2024-10-17 08:00:00,08:00 AM,04:21 PM,ER,7,4,0
S542,Technician,2024-10-17 16:20:00,04:20 PM,11:18 PM,ER,8,2,0
S543,Technician,2024-10-17 16:03:00,04:03 PM,11:02 PM,ER,6,3,0
S544,Nurse,2024-10-17 08:24:00,08:24 AM,04:20 PM,General Ward,8,8,0
S545,Nurse,2024-10-17 08:02:00,08:02 AM,04:16 PM,General Ward,7,6,0
S546,Nurse,2024-10-17 08:03:00,08:03 AM,04:10 PM,General Ward,7,6,0
S547,Nurse,2024-10-17 16:26:00,04:26 PM,11:21 PM,General Ward,6,9,0
S548,Nurse,2024-10-17 16:18:00,04:18 PM,11:08 PM,General Ward,8,4,0
S549,Surgeon,2024-10-17 08:03:00,08:03 AM,04:05 PM,General Ward,7,4,0
S550,Surgeon,2024-10-17 08:15:00,08:15 AM,04:26 PM,General Ward,8,1,0
S551,Surgeon,2024-10-17 16:26:00,04:26 PM,11:07 PM,General Ward,6,3,0
S552,Technician,2024-10-17 08:28:00,08:28 AM,04:04 PM,General Ward,8,2,0
S553,Technician,2024-10-17 08:07:00,08:07 AM,04:23 PM,General Ward,7,3,0
S554,Technician,2024-10-17 16:03:00,04:03 PM,11:02 PM,General Ward,8,2,0
S555,Technician,2024-10-17 16:16:00,04:16 PM,11:04 PM,General Ward,7,3,0
S556,Nurse,2024-10-17 08:21:00,08:21 AM,04:29 PM,ICU,7,3,0
S557,Nurse,2024-10-17 08:06:00,08:06 AM,04:09 PM,ICU,8,4,0
S558,Nurse,2024-10-17 08:07:00,08:07 AM,04:20 PM,ICU,8,5,0
S559,Nurse,2024-10-17 16:04:00,04:04 PM,11:16 PM,ICU,7,10,0
S560,Nurse,2024-10-17 16:11:00,04:11 PM,11:19 PM,ICU,7,7,0
S561,Nurse,2024-10-17 16:12:00,04:12 PM,11:23 PM,ICU,6,3,0
S562,Surgeon,2024-10-17 08:28:00,08:28 AM,04:25 PM,ICU,8,4,0
S563,Surgeon,2024-10-17 08:24:00,08:24 AM,04:05 PM,ICU,8,4,0
S564,Surgeon,2024-10-17 16:02:00,04:02 PM,11:02 PM,ICU,6,4,0
S565,Technician,2024-10-17 08:23:00,08:23 AM,04:07 PM,ICU,8,5,0
S566,Technician,2024-10-17 08:17:00,08:17 AM,04:08 PM,ICU,8,6,0
S567,Technician,2024-10-17 16:24:00,04:24 PM,11:27 PM,ICU,6,6,0
S568,Nurse,2024-10-18 08:27:00,08:27 AM,04:08 PM,ER,9,4,1
S569,Nurse,2024-10-18 08:00:00,08:00 AM,04:21 PM,ER,8,5,0
S570,Nurse,2024-10-18 08:05:00,08:05 AM,04:29 PM,ER,9,4,1
S571,Nurse,2024-10-18 16:29:00,04:29 PM,11:03 PM,ER,6,4,0
S572,Nurse,2024-10-18 16:10:00,04:10 PM,11:06 PM,ER,6,3,0
S573,Nurse,2024-10-18 16:21:00,04:21 PM,11:26 PM,ER,8,6,0
S574,Surgeon,2024-10-18 08:03:00,08:03 AM,04:16 PM,ER,7,2,0
S575,Surgeon,2024-10-18 08:01:00,08:01 AM,04:08 PM,ER,7,4,0
S576,Surgeon,2024-10-18 16:09:00,04:09 PM,11:14 PM,ER,8,1,0
S577,Surgeon,2024-10-18 16:26:00,04:26 PM,11:14 PM,ER,8,3,0
S578,Technician,2024-10-18 08:17:00,08:17 AM,04:03 PM,ER,8,3,0
S579,Technician,2024-10-18 08:19:00,08:19 AM,04:18 PM,ER,8,3,0
S580,Technician,2024-10-18 16:17:00,04:17 PM,11:21 PM,ER,6,3,0
S581,Technician,2024-10-18 16:12:00,04:12 PM,11:29 PM,ER,8,3,0
S582,Nurse,2024-10-18 08:23:00,08:23 AM,04:17 PM,General Ward,8,8,0
S583,Nurse,2024-10-18 08:26:00,08:26 AM,04:26 PM,General Ward,8,6,0
S584,Nurse,2024-10-18 08:25:00,08:25 AM,04:28 PM,General Ward,8,7,0
S585,Nurse,2024-10-18 16:18:00,04:18 PM,11:26 PM,General Ward,8,8,0
S586,Nurse,2024-10-18 16:17:00,04:17 PM,11:08 PM,General Ward,7,3,0
S587,Surgeon,2024-10-18 08:26:00,08:26 AM,04:20 PM,General Ward,7,3,0
S588,Surgeon,2024-10-18 08:22:00,08:22 AM,04:17 PM,General Ward,7,3,0
S589,Surgeon,2024-10-18 16:18:00,04:18 PM,11:05 PM,General Ward,7,3,0
S590,Surgeon,2024-10-18 16:12:00,04:12 PM,11:08 PM,General Ward,8,1,0
S591,Technician,2024-10-18 08:20:00,08:20 AM,04:08 PM,General Ward,7,5,0
S592,Technician,2024-10-18 16:11:00,04:11 PM,11:16 PM,General Ward,7,5,0
S593,Nurse,2024-10-18 08:24:00,08:24 AM,04:01 PM,ICU,7,9,0
S594,Nurse,2024-10-18 08:09:00,08:09 AM,04:23 PM,ICU,9,8,1
S595,Nurse,2024-10-18 08:20:00,08:20 AM,04:16 PM,ICU,9,4,1
S596,Nurse,2024-10-18 16:28:00,04:28 PM,11:28 PM,ICU,8,3,0
S597,Nurse,2024-10-18 16:01:00,04:01 PM,11:24 PM,ICU,6,7,0
S598,Nurse,2024-10-18 16:09:00,04:09 PM,11:25 PM,ICU,8,7,0
S599,Surgeon,2024-10-18 08:08:00,08:08 AM,04:19 PM,ICU,9,4,1
S600,Surgeon,2024-10-18 08:13:00,08:13 AM,04:12 PM,ICU,9,1,1
S601,Surgeon,2024-10-18 16:08:00,04:08 PM,11:29 PM,ICU,8,1,0
S602,Technician,2024-10-18 08:29:00,08:29 AM,04:24 PM,ICU,9,5,1
S603,Technician,2024-10-18 08:07:00,08:07 AM,04:06 PM,ICU,9,3,1
S604,Technician,2024-10-18 16:21:00,04:21 PM,11:15 PM,ICU,8,5,0
S605,Nurse,2024-10-19 08:11:00,08:11 AM,04:12 PM,ER,9,3,1
S606,Nurse,2024-10-19 08:10:00,08:10 AM,04:01 PM,ER,8,7,0
S607,Nurse,2024-10-19 08:26:00,08:26 AM,04:06 PM,ER,8,9,0
S608,Nurse,2024-10-19 16:21:00,04:21 PM,11:10 PM,ER,6,9,0
S609,Nurse,2024-10-19 16:09:00,04:09 PM,11:25 PM,ER,7,9,0
S610,Nurse,2024-10-19 16:27:00,04:27 PM,11:15 PM,ER,6,8,0
S611,Surgeon,2024-10-19 08:01:00,08:01 AM,04:00 PM,ER,9,3,1
S612,Surgeon,2024-10-19 08:15:00,08:15 AM,04:18 PM,ER,8,3,0
S613,Surgeon,2024-10-19 16:27:00,04:27 PM,11:13 PM,ER,6,3,0
S614,Technician,2024-10-19 08:20:00,08:20 AM,04:22 PM,ER,8,2,0
S615,Technician,2024-10-19 08:25:00,08:25 AM,04:10 PM,ER,7,3,0
S616,Technician,2024-10-19 16:04:00,04:04 PM,11:07 PM,ER,6,2,0
S617,Technician,2024-10-19 16:20:00,04:20 PM,11:09 PM,ER,7,5,0
S618,Nurse,2024-10-19 08:17:00,08:17 AM,04:28 PM,General Ward,9,8,1
S619,Nurse,2024-10-19 08:12:00,08:12 AM,04:12 PM,General Ward,9,10,1
S620,Nurse,2024-10-19 08:00:00,08:00 AM,04:24 PM,General Ward,7,4,0
S621,Nurse,2024-10-19 16:16:00,04:16 PM,11:28 PM,General Ward,7,4,0
S622,Nurse,2024-10-19 16:08:00,04:08 PM,11:03 PM,General Ward,6,4,0
S623,Surgeon,2024-10-19 08:24:00,08:24 AM,04:21 PM,General Ward,7,2,0
S624,Surgeon,2024-10-19 08:13:00,08:13 AM,04:12 PM,General Ward,8,4,0
S625,Surgeon,2024-10-19 16:14:00,04:14 PM,11:08 PM,General Ward,6,4,0
S626,Surgeon,2024-10-19 16:18:00,04:18 PM,11:17 PM,General Ward,6,4,0
S627,Technician,2024-10-19 08:11:00,08:11 AM,04:10 PM,General Ward,8,4,0
S628,Technician,2024-10-19 08:00:00,08:00 AM,04:19 PM,General Ward,8,5,0
S629,Technician,2024-10-19 16:00:00,04:00 PM,11:21 PM,General Ward,7,5,0
S630,Nurse,2024-10-19 08:26:00,08:26 AM,04:18 PM,ICU,9,9,1
S631,Nurse,2024-10-19 08:09:00,08:09 AM,04:06 PM,ICU,9,5,1
S632,Nurse,2024-10-19 16:04:00,04:04 PM,11:22 PM,ICU,7,3,0
S633,Nurse,2024-10-19 16:10:00,04:10 PM,11:08 PM,ICU,6,10,0
S634,Surgeon,2024-10-19 08:07:00,08:07 AM,04:07 PM,ICU,7,2,0
S635,Surgeon,2024-10-19 08:11:00,08:11 AM,04:06 PM,ICU,7,1,0
S636,Surgeon,2024-10-19 16:05:00,04:05 PM,11:28 PM,ICU,7,1,0
S637,Surgeon,2024-10-19 16:14:00,04:14 PM,11:27 PM,ICU,7,1,0
S638,Technician,2024-10-19 08:13:00,08:13 AM,04:21 PM,ICU,8,2,0
S639,Technician,2024-10-19 08:09:00,08:09 AM,04:15 PM,ICU,8,3,0
S640,Technician,2024-10-19 16:00:00,04:00 PM,11:23 PM,ICU,6,6,0
S641,Nurse,2024-10-20 08:29:00,08:29 AM,04:18 PM,ER,8,6,0
S642,Nurse,2024-10-20 08:27:00,08:27 AM,04:21 PM,ER,9,9,1
S643,Nurse,2024-10-20 16:15:00,04:15 PM,11:17 PM,ER,8,4,0
S644,Nurse,2024-10-20 16:05:00,04:05 PM,11:17 PM,ER,6,6,0
S645,Surgeon,2024-10-20 08:13:00,08:13 AM,04:24 PM,ER,9,4,1
S646,Surgeon,2024-10-20 08:22:00,08:22 AM,04:20 PM,ER,9,1,1
S647,Surgeon,2024-10-20 16:11:00,04:11 PM,11:12 PM,ER,6,1,0
S648,Surgeon,2024-10-20 16:06:00,04:06 PM,11:24 PM,ER,6,4,0
S649,Technician,2024-10-20 08:08:00,08:08 AM,04:14 PM,ER,9,2,1
S650,Technician,2024-10-20 08:20:00,08:20 AM,04:16 PM,ER,7,2,0
S651,Technician,2024-10-20 16:27:00,04:27 PM,11:06 PM,ER,6,5,0
S652,Nurse,2024-10-20 08:08:00,08:08 AM,04:10 PM,General Ward,8,10,0
S653,Nurse,2024-10-20 08:04:00,08:04 AM,04:08 PM,General Ward,7,8,0
S654,Nurse,2024-10-20 08:13:00,08:13 AM,04:23 PM,General Ward,7,4,0
S655,Nurse,2024-10-20 16:14:00,04:14 PM,11:20 PM,General Ward,7,4,0
S656,Nurse,2024-10-20 16:26:00,04:26 PM,11:08 PM,General Ward,8,7,0
S657,Surgeon,2024-10-20 08:14:00,08:14 AM,04:03 PM,General Ward,9,3,1
S658,Surgeon,2024-10-20 08:27:00,08:27 AM,04:23 PM,General Ward,8,1,0
S659,Surgeon,2024-10-20 16:22:00,04:22 PM,11:19 PM,General Ward,8,3,0
S660,Surgeon,2024-10-20 16:14:00,04:14 PM,11:06 PM,General Ward,7,4,0
S661,Technician,2024-10-20 08:17:00,08:17 AM,04:00 PM,General Ward,7,3,0
S662,Technician,2024-10-20 08:18:00,08:18 AM,04:07 PM,General Ward,8,5,0
S663,Technician,2024-10-20 16:22:00,04:22 PM,11:19 PM,General Ward,6,6,0
S664,Nurse,2024-10-20 08:22:00,08:22 AM,04:26 PM,ICU,9,6,1
S665,Nurse,2024-10-20 08:23:00,08:23 AM,04:21 PM,ICU,7,4,0
S666,Nurse,2024-10-20 16:11:00,04:11 PM,11:23 PM,ICU,6,7,0
S667,Nurse,2024-10-20 16:17:00,04:17 PM,11:08 PM,ICU,7,5,0
S668,Surgeon,2024-10-20 08:29:00,08:29 AM,04:29 PM,ICU,9,2,1
S669,Surgeon,2024-10-20 08:19:00,08:19 AM,04:03 PM,ICU,9,1,1
S670,Surgeon,2024-10-20 16:05:00,04:05 PM,11:10 PM,ICU,7,1,0
S671,Technician,2024-10-20 08:07:00,08:07 AM,04:07 PM,ICU,7,2,0
S672,Technician,2024-10-20 16:23:00,04:23 PM,11:18 PM,ICU,7,2,0
S673,Nurse,2024-10-21 08:09:00,08:09 AM,04:11 PM,ER,9,6,1
S674,Nurse,2024-10-21 08:16:00,08:16 AM,04:26 PM,ER,7,6,0
S675,Nurse,2024-10-21 08:02:00,08:02 AM,04:28 PM,ER,7,7,0
S676,Nurse,2024-10-21 16:06:00,04:06 PM,11:06 PM,ER,8,8,0
S677,Nurse,2024-10-21 16:17:00,04:17 PM,11:20 PM,ER,6,5,0
S678,Nurse,2024-10-21 16:05:00,04:05 PM,11:04 PM,ER,7,10,0
S679,Surgeon,2024-10-21 08:04:00,08:04 AM,04:00 PM,ER,8,3,0
S680,Surgeon,2024-10-21 08:26:00,08:26 AM,04:18 PM,ER,7,3,0
S681,Surgeon,2024-10-21 16:04:00,04:04 PM,11:01 PM,ER,8,1,0
S682,Technician,2024-10-21 08:16:00,08:16 AM,04:13 PM,ER,7,4,0
S683,Technician,2024-10-21 08:16:00,08:16 AM,04:05 PM,ER,9,2,1
S684,Technician,2024-10-21 16:02:00,04:02 PM,11:10 PM,ER,7,4,0
S685,Nurse,2024-10-21 08:25:00,08:25 AM,04:13 PM,General Ward,9,6,1
S686,Nurse,2024-10-21 08:00:00,08:00 AM,04:14 PM,General Ward,8,7,0
S687,Nurse,2024-10-21 08:07:00,08:07 AM,04:09 PM,General Ward,7,9,0
S688,Nurse,2024-10-21 16:00:00,04:00 PM,11:00 PM,General Ward,8,6,0
S689,Nurse,2024-10-21 16:19:00,04:19 PM,11:08 PM,General Ward,6,5,0
S690,Surgeon,2024-10-21 08:11:00,08:11 AM,04:18 PM,General Ward,8,2,0
S691,Surgeon,2024-10-21 08:20:00,08:20 AM,04:08 PM,General Ward,7,4,0
S692,Surgeon,2024-10-21 16:27:00,04:27 PM,11:01 PM,General Ward,7,1,0
S693,Surgeon,2024-10-21 16:16:00,04:16 PM,11:20 PM,General Ward,8,2,0
S694,Technician,2024-10-21 08:06:00,08:06 AM,04:11 PM,General Ward,7,5,0
S695,Technician,2024-10-21 16:25:00,04:25 PM,11:13 PM,General Ward,7,5,0
S696,Nurse,2024-10-21 08:10:00,08:10 AM,04:22 PM,ICU,9,10,1
S697,Nurse,2024-10-21 08:12:00,08:12 AM,04:18 PM,ICU,8,7,0
S698,Nurse,2024-10-21 08:05:00,08:05 AM,04:21 PM,ICU,9,7,1
S699,Nurse,2024-10-21 16:04:00,04:04 PM,11:03 PM,ICU,7,6,0
S700,Nurse,2024-10-21 16:00:00,04:00 PM,11:16 PM,ICU,7,9,0
S701,Nurse,2024-10-21 16:27:00,04:27 PM,11:24 PM,ICU,7,8,0
S702,Surgeon,2024-10-21 08:18:00,08:18 AM,04:18 PM,ICU,9,3,1
S703,Surgeon,2024-10-21 16:17:00,04:17 PM,11:20 PM,ICU,8,2,0
S704,Technician,2024-10-21 08:25:00,08:25 AM,04:17 PM,ICU,8,6,0
S705,Technician,2024-10-21 08:20:00,08:20 AM,04:15 PM,ICU,8,4,0
S706,Technician,2024-10-21 16:12:00,04:12 PM,11:21 PM,ICU,7,3,0
S707,Nurse,2024-10-22 08:16:00,08:16 AM,04:06 PM,ER,9,9,1
S708,Nurse,2024-10-22 08:12:00,08:12 AM,04:11 PM,ER,9,6,1
S709,Nurse,2024-10-22 16:15:00,04:15 PM,11:05 PM,ER,7,10,0
S710,Nurse,2024-10-22 16:20:00,04:20 PM,11:11 PM,ER,8,6,0
S711,Surgeon,2024-10-22 08:08:00,08:08 AM,04:27 PM,ER,9,4,1
S712,Surgeon,2024-10-22 08:11:00,08:11 AM,04:28 PM,ER,7,2,0
S713,Surgeon,2024-10-22 16:10:00,04:10 PM,11:07 PM,ER,7,1,0
S714,Surgeon,2024-10-22 16:15:00,04:15 PM,11:27 PM,ER,8,1,0
S715,Technician,2024-10-22 08:07:00,08:07 AM,04:20 PM,ER,9,5,1
S716,Technician,2024-10-22 08:04:00,08:04 AM,04:02 PM,ER,7,2,0
S717,Technician,2024-10-22 16:26:00,04:26 PM,11:18 PM,ER,7,2,0
S718,Nurse,2024-10-22 08:25:00,08:25 AM,04:14 PM,General Ward,8,7,0
S719,Nurse,2024-10-22 08:00:00,08:00 AM,04:02 PM,General Ward,7,6,0
S720,Nurse,2024-10-22 08:09:00,08:09 AM,04:19 PM,General Ward,9,7,1
S721,Nurse,2024-10-22 16:12:00,04:12 PM,11:08 PM,General Ward,6,7,0
S722,Nurse,2024-10-22 16:24:00,04:24 PM,11:27 PM,General Ward,8,8,0
S723,Surgeon,2024-10-22 08:07:00,08:07 AM,04:05 PM,General Ward,8,4,0
S724,Surgeon,2024-10-22 16:08:00,04:08 PM,11:03 PM,General Ward,6,1,0
S725,Technician,2024-10-22 08:04:00,08:04 AM,04:22 PM,General Ward,9,2,1
S726,Technician,2024-10-22 08:27:00,08:27 AM,04:14 PM,General Ward,7,6,0
S727,Technician,2024-10-22 16:02:00,04:02 PM,11:03 PM,General Ward,6,4,0
S728,Technician,2024-10-22 16:29:00,04:29 PM,11:15 PM,General Ward,6,5,0
S729,Nurse,2024-10-22 08:12:00,08:12 AM,04:25 PM,ICU,7,7,0
S730,Nurse,2024-10-22 08:12:00,08:12 AM,04:00 PM,ICU,8,3,0
S731,Nurse,2024-10-22 08:10:00,08:10 AM,04:16 PM,ICU,8,7,0
S732,Nurse,2024-10-22 16:06:00,04:06 PM,11:06 PM,ICU,6,8,0
S733,Nurse,2024-10-22 16:14:00,04:14 PM,11:10 PM,ICU,7,8,0
S734,Nurse,2024-10-22 16:15:00,04:15 PM,11:27 PM,ICU,6,3,0
S735,Surgeon,2024-10-22 08:29:00,08:29 AM,04:25 PM,ICU,9,3,1
S736,Surgeon,2024-10-22 08:00:00,08:00 AM,04:07 PM,ICU,9,2,1
S737,Surgeon,2024-10-22 16:06:00,04:06 PM,11:17 PM,ICU,6,3,0
S738,Surgeon,2024-10-22 16:15:00,04:15 PM,11:28 PM,ICU,7,2,0
S739,Technician,2024-10-22 08:21:00,08:21 AM,04:01 PM,ICU,7,6,0
S740,Technician,2024-10-22 16:08:00,04:08 PM,11:06 PM,ICU,7,2,0
S741,Nurse,2024-10-23 08:10:00,08:10 AM,04:08 PM,ER,9,7,1
S742,Nurse,2024-10-23 08:20:00,08:20 AM,04:02 PM,ER,8,5,0
S743,Nurse,2024-10-23 16:26:00,04:26 PM,11:08 PM,ER,8,10,0
S744,Nurse,2024-10-23 16:06:00,04:06 PM,11:06 PM,ER,6,3,0
S745,Surgeon,2024-10-23 08:05:00,08:05 AM,04:26 PM,ER,7,4,0
S746,Surgeon,2024-10-23 08:07:00,08:07 AM,04:12 PM,ER,7,4,0
S747,Surgeon,2024-10-23 16:05:00,04:05 PM,11:23 PM,ER,7,1,0
S748,Surgeon,2024-10-23 16:12:00,04:12 PM,11:27 PM,ER,8,3,0
S749,Technician,2024-10-23 08:01:00,08:01 AM,04:21 PM,ER,8,2,0
S750,Technician,2024-10-23 16:13:00,04:13 PM,11:16 PM,ER,6,6,0
S751,Nurse,2024-10-23 08:02:00,08:02 AM,04:26 PM,General Ward,8,9,0
S752,Nurse,2024-10-23 08:09:00,08:09 AM,04:13 PM,General Ward,7,10,0
S753,Nurse,2024-10-23 16:21:00,04:21 PM,11:16 PM,General Ward,6,7,0
S754,Nurse,2024-10-23 16:10:00,04:10 PM,11:29 PM,General Ward,7,6,0
S755,Surgeon,2024-10-23 08:24:00,08:24 AM,04:03 PM,General Ward,7,3,0
S756,Surgeon,2024-10-23 08:20:00,08:20 AM,04:15 PM,General Ward,9,3,1
S757,Surgeon,2024-10-23 16:27:00,04:27 PM,11:13 PM,General Ward,6,2,0
S758,Technician,2024-10-23 08:23:00,08:23 AM,04:12 PM,General Ward,7,5,0
S759,Technician,2024-10-23 16:22:00,04:22 PM,11:00 PM,General Ward,8,3,0
S760,Nurse,2024-10-23 08:21:00,08:21 AM,04:01 PM,ICU,8,10,0
S761,Nurse,2024-10-23 08:17:00,08:17 AM,04:26 PM,ICU,7,6,0
S762,Nurse,2024-10-23 16:26:00,04:26 PM,11:26 PM,ICU,8,3,0
S763,Nurse,2024-10-23 16:22:00,04:22 PM,11:10 PM,ICU,7,3,0
S764,Surgeon,2024-10-23 08:13:00,08:13 AM,04:00 PM,ICU,7,3,0
S765,Surgeon,2024-10-23 08:07:00,08:07 AM,04:24 PM,ICU,7,4,0
S766,Surgeon,2024-10-23 16:00:00,04:00 PM,11:03 PM,ICU,6,4,0
S767,Technician,2024-10-23 08:24:00,08:24 AM,04:02 PM,ICU,9,3,1
S768,Technician,2024-10-23 08:09:00,08:09 AM,04:25 PM,ICU,7,5,0
S769,Technician,2024-10-23 16:15:00,04:15 PM,11:19 PM,ICU,8,2,0
S770,Technician,2024-10-23 16:09:00,04:09 PM,11:00 PM,ICU,7,5,0
S771,Nurse,2024-10-24 08:25:00,08:25 AM,04:20 PM,ER,8,7,0
S772,Nurse,2024-10-24 08:22:00,08:22 AM,04:07 PM,ER,9,7,1
S773,Nurse,2024-10-24 16:06:00,04:06 PM,11:27 PM,ER,6,7,0
S774,Nurse,2024-10-24 16:02:00,04:02 PM,11:01 PM,ER,6,5,0
S775,Surgeon,2024-10-24 08:22:00,08:22 AM,04:14 PM,ER,8,2,0
S776,Surgeon,2024-10-24 08:11:00,08:11 AM,04:23 PM,ER,8,2,0
S777,Surgeon,2024-10-24 16:21:00,04:21 PM,11:06 PM,ER,6,4,0
S778,Technician,2024-10-24 08:24:00,08:24 AM,04:16 PM,ER,8,2,0
S779,Technician,2024-10-24 16:10:00,04:10 PM,11:02 PM,ER,8,5,0
S780,Nurse,2024-10-24 08:07:00,08:07 AM,04:27 PM,General Ward,7,7,0
S781,Nurse,2024-10-24 08:01:00,08:01 AM,04:18 PM,General Ward,7,7,0
S782,Nurse,2024-10-24 08:22:00,08:22 AM,04:06 PM,General Ward,9,4,1
S783,Nurse,2024-10-24 16:12:00,04:12 PM,11:06 PM,General Ward,6,8,0
S784,Nurse,2024-10-24 16:00:00,04:00 PM,11:23 PM,General Ward,8,10,0
S785,Surgeon,2024-10-24 08:25:00,08:25 AM,04:29 PM,General Ward,9,3,1
S786,Surgeon,2024-10-24 08:29:00,08:29 AM,04:07 PM,General Ward,7,4,0
S787,Surgeon,2024-10-24 16:00:00,04:00 PM,11:07 PM,General Ward,8,1,0
S788,Technician,2024-10-24 08:16:00,08:16 AM,04:17 PM,General Ward,9,3,1
S789,Technician,2024-10-24 16:22:00,04:22 PM,11:25 PM,General Ward,7,5,0
S790,Nurse,2024-10-24 08:25:00,08:25 AM,04:04 PM,ICU,8,5,0
S791,Nurse,2024-10-24 08:27:00,08:27 AM,04:23 PM,ICU,8,6,0
S792,Nurse,2024-10-24 08:12:00,08:12 AM,04:06 PM,ICU,9,10,1
S793,Nurse,2024-10-24 16:12:00,04:12 PM,11:00 PM,ICU,8,4,0
S794,Nurse,2024-10-24 16:19:00,04:19 PM,11:25 PM,ICU,8,9,0
S795,Surgeon,2024-10-24 08:03:00,08:03 AM,04:28 PM,ICU,8,1,0
S796,Surgeon,2024-10-24 08:10:00,08:10 AM,04:11 PM,ICU,9,3,1
S797,Surgeon,2024-10-24 16:07:00,04:07 PM,11:18 PM,ICU,6,1,0
S798,Surgeon,2024-10-24 16:01:00,04:01 PM,11:24 PM,ICU,8,4,0
S799,Technician,2024-10-24 08:05:00,08:05 AM,04:01 PM,ICU,9,2,1
S800,Technician,2024-10-24 08:09:00,08:09 AM,04:18 PM,ICU,8,5,0
S801,Technician,2024-10-24 16:28:00,04:28 PM,11:14 PM,ICU,6,6,0
S802,Technician,2024-10-24 16:22:00,04:22 PM,11:15 PM,ICU,7,5,0
S803,Nurse,2024-10-25 08:12:00,08:12 AM,04:04 PM,ER,8,9,0
S804,Nurse,2024-10-25 08:12:00,08:12 AM,04:13 PM,ER,7,7,0
S805,Nurse,2024-10-25 16:27:00,04:27 PM,11:04 PM,ER,6,9,0
S806,Nurse,2024-10-25 16:17:00,04:17 PM,11:08 PM,ER,7,6,0
S807,Surgeon,2024-10-25 08:19:00,08:19 AM,04:14 PM,ER,8,1,0
S808,Surgeon,2024-10-25 08:24:00,08:24 AM,04:00 PM,ER,7,2,0
S809,Surgeon,2024-10-25 16:00:00,04:00 PM,11:13 PM,ER,6,2,0
S810,Technician,2024-10-25 08:27:00,08:27 AM,04:19 PM,ER,8,4,0
S811,Technician,2024-10-25 16:03:00,04:03 PM,11:27 PM,ER,8,4,0
S812,Nurse,2024-10-25 08:13:00,08:13 AM,04:27 PM,General Ward,7,4,0
S813,Nurse,2024-10-25 08:16:00,08:16 AM,04:18 PM,General Ward,8,7,0
S814,Nurse,2024-10-25 16:03:00,04:03 PM,11:04 PM,General Ward,6,5,0
S815,Nurse,2024-10-25 16:12:00,04:12 PM,11:16 PM,General Ward,8,5,0
S816,Surgeon,2024-10-25 08:20:00,08:20 AM,04:16 PM,General Ward,7,1,0
S817,Surgeon,2024-10-25 16:14:00,04:14 PM,11:05 PM,General Ward,6,1,0
S818,Technician,2024-10-25 08:08:00,08:08 AM,04:11 PM,General Ward,8,6,0
S819,Technician,2024-10-25 08:02:00,08:02 AM,04:13 PM,General Ward,8,5,0
S820,Technician,2024-10-25 16:14:00,04:14 PM,11:25 PM,General Ward,8,3,0
S821,Technician,2024-10-25 16:19:00,04:19 PM,11:21 PM,General Ward,8,5,0
S822,Nurse,2024-10-25 08:08:00,08:08 AM,04:07 PM,ICU,9,3,1
S823,Nurse,2024-10-25 08:11:00,08:11 AM,04:01 PM,ICU,9,6,1
S824,Nurse,2024-10-25 08:28:00,08:28 AM,04:16 PM,ICU,7,4,0
S825,Nurse,2024-10-25 16:17:00,04:17 PM,11:23 PM,ICU,8,3,0
S826,Nurse,2024-10-25 16:21:00,04:21 PM,11:21 PM,ICU,7,6,0
S827,Nurse,2024-10-25 16:07:00,04:07 PM,11:03 PM,ICU,7,9,0
S828,Surgeon,2024-10-25 08:27:00,08:27 AM,04:09 PM,ICU,7,4,0
S829,Surgeon,2024-10-25 16:26:00,04:26 PM,11:25 PM,ICU,7,1,0
S830,Technician,2024-10-25 08:06:00,08:06 AM,04:21 PM,ICU,9,6,1
S831,Technician,2024-10-25 08:01:00,08:01 AM,04:01 PM,ICU,9,4,1
S832,Technician,2024-10-25 16:25:00,04:25 PM,11:01 PM,ICU,6,6,0
S833,Technician,2024-10-25 16:16:00,04:16 PM,11:28 PM,ICU,8,4,0
S834,Nurse,2024-10-26 08:27:00,08:27 AM,04:15 PM,ER,8,4,0
S835,Nurse,2024-10-26 08:14:00,08:14 AM,04:15 PM,ER,7,6,0
S836,Nurse,2024-10-26 16:20:00,04:20 PM,11:18 PM,ER,6,9,0
S837,Nurse,2024-10-26 16:24:00,04:24 PM,11:23 PM,ER,7,8,0
S838,Surgeon,2024-10-26 08:04:00,08:04 AM,04:28 PM,ER,9,1,1
S839,Surgeon,2024-10-26 08:29:00,08:29 AM,04:09 PM,ER,8,4,0
S840,Surgeon,2024-10-26 16:22:00,04:22 PM,11:23 PM,ER,7,4,0
S841,Surgeon,2024-10-26 16:13:00,04:13 PM,11:20 PM,ER,7,2,0
S842,Technician,2024-10-26 08:25:00,08:25 AM,04:16 PM,ER,8,4,0
S843,Technician,2024-10-26 08:28:00,08:28 AM,04:00 PM,ER,7,3,0
S844,Technician,2024-10-26 16:11:00,04:11 PM,11:19 PM,ER,6,6,0
S845,Nurse,2024-10-26 08:22:00,08:22 AM,04:25 PM,General Ward,9,3,1
S846,Nurse,2024-10-26 08:15:00,08:15 AM,04:08 PM,General Ward,8,10,0
S847,Nurse,2024-10-26 16:23:00,04:23 PM,11:26 PM,General Ward,8,9,0
S848,Nurse,2024-10-26 16:05:00,04:05 PM,11:21 PM,General Ward,6,7,0
S849,Surgeon,2024-10-26 08:19:00,08:19 AM,04:17 PM,General Ward,8,3,0
S850,Surgeon,2024-10-26 16:05:00,04:05 PM,11:01 PM,General Ward,8,4,0
S851,Technician,2024-10-26 08:00:00,08:00 AM,04:15 PM,General Ward,7,2,0
S852,Technician,2024-10-26 08:27:00,08:27 AM,04:09 PM,General Ward,8,3,0
S853,Technician,2024-10-26 16:04:00,04:04 PM,11:11 PM,General Ward,7,5,0
S854,Nurse,2024-10-26 08:17:00,08:17 AM,04:28 PM,ICU,7,7,0
S855,Nurse,2024-10-26 08:28:00,08:28 AM,04:14 PM,ICU,8,3,0
S856,Nurse,2024-10-26 16:08:00,04:08 PM,11:29 PM,ICU,8,5,0
S857,Nurse,2024-10-26 16:20:00,04:20 PM,11:03 PM,ICU,8,7,0
S858,Surgeon,2024-10-26 08:24:00,08:24 AM,04:14 PM,ICU,7,2,0
S859,Surgeon,2024-10-26 08:20:00,08:20 AM,04:29 PM,ICU,9,3,1
S860,Surgeon,2024-10-26 16:29:00,04:29 PM,11:18 PM,ICU,7,1,0
S861,Surgeon,2024-10-26 16:22:00,04:22 PM,11:05 PM,ICU,7,1,0
S862,Technician,2024-10-26 08:18:00,08:18 AM,04:27 PM,ICU,8,2,0
S863,Technician,2024-10-26 16:01:00,04:01 PM,11:05 PM,ICU,6,5,0
S864,Nurse,2024-10-27 08:15:00,08:15 AM,04:22 PM,ER,7,7,0
S865,Nurse,2024-10-27 08:24:00,08:24 AM,04:04 PM,ER,7,3,0
S866,Nurse,2024-10-27 08:06:00,08:06 AM,04:13 PM,ER,9,6,1
S867,Nurse,2024-10-27 16:18:00,04:18 PM,11:18 PM,ER,8,8,0
S868,Nurse,2024-10-27 16:16:00,04:16 PM,11:05 PM,ER,7,10,0
S869,Surgeon,2024-10-27 08:09:00,08:09 AM,04:24 PM,ER,8,3,0
S870,Surgeon,2024-10-27 08:24:00,08:24 AM,04:02 PM,ER,7,2,0
S871,Surgeon,2024-10-27 16:27:00,04:27 PM,11:22 PM,ER,8,4,0
S872,Surgeon,2024-10-27 16:17:00,04:17 PM,11:18 PM,ER,8,2,0
S873,Technician,2024-10-27 08:02:00,08:02 AM,04:05 PM,ER,7,5,0
S874,Technician,2024-10-27 08:23:00,08:23 AM,04:00 PM,ER,7,6,0
S875,Technician,2024-10-27 16:20:00,04:20 PM,11:14 PM,ER,6,3,0
S876,Technician,2024-10-27 16:24:00,04:24 PM,11:07 PM,ER,8,6,0
S877,Nurse,2024-10-27 08:24:00,08:24 AM,04:15 PM,General Ward,9,10,1
S878,Nurse,2024-10-27 08:02:00,08:02 AM,04:21 PM,General Ward,7,9,0
S879,Nurse,2024-10-27 16:13:00,04:13 PM,11:00 PM,General Ward,6,6,0
S880,Nurse,2024-10-27 16:15:00,04:15 PM,11:10 PM,General Ward,8,9,0
S881,Surgeon,2024-10-27 08:27:00,08:27 AM,04:02 PM,General Ward,8,1,0
S882,Surgeon,2024-10-27 08:07:00,08:07 AM,04:03 PM,General Ward,8,3,0
S883,Surgeon,2024-10-27 16:00:00,04:00 PM,11:25 PM,General Ward,6,3,0
S884,Surgeon,2024-10-27 16:13:00,04:13 PM,11:02 PM,General Ward,8,2,0
S885,Technician,2024-10-27 08:22:00,08:22 AM,04:21 PM,General Ward,7,3,0
S886,Technician,2024-10-27 16:04:00,04:04 PM,11:11 PM,General Ward,7,5,0
S887,Nurse,2024-10-27 08:09:00,08:09 AM,04:08 PM,ICU,9,8,1
S888,Nurse,2024-10-27 08:11:00,08:11 AM,04:23 PM,ICU,9,8,1
S889,Nurse,2024-10-27 16:25:00,04:25 PM,11:28 PM,ICU,7,8,0
S890,Nurse,2024-10-27 16:25:00,04:25 PM,11:04 PM,ICU,8,6,0
S891,Surgeon,2024-10-27 08:06:00,08:06 AM,04:13 PM,ICU,8,2,0
S892,Surgeon,2024-10-27 08:08:00,08:08 AM,04:04 PM,ICU,7,4,0
S893,Surgeon,2024-10-27 16:26:00,04:26 PM,11:27 PM,ICU,7,1,0
S894,Surgeon,2024-10-27 16:03:00,04:03 PM,11:04 PM,ICU,8,1,0
S895,Technician,2024-10-27 08:15:00,08:15 AM,04:06 PM,ICU,9,5,1
S896,Technician,2024-10-27 08:07:00,08:07 AM,04:27 PM,ICU,9,6,1
S897,Technician,2024-10-27 16:05:00,04:05 PM,11:21 PM,ICU,7,5,0
S898,Technician,2024-10-27 16:22:00,04:22 PM,11:12 PM,ICU,7,6,0
S899,Nurse,2024-10-28 08:10:00,08:10 AM,04:20 PM,ER,9,4,1
S900,Nurse,2024-10-28 08:19:00,08:19 AM,04:26 PM,ER,7,10,0
S901,Nurse,2024-10-28 08:04:00,08:04 AM,04:17 PM,ER,7,6,0
S902,Nurse,2024-10-28 16:08:00,04:08 PM,11:16 PM,ER,8,9,0
S903,Nurse,2024-10-28 16:10:00,04:10 PM,11:23 PM,ER,8,3,0
S904,Surgeon,2024-10-28 08:09:00,08:09 AM,04:24 PM,ER,7,2,0
S905,Surgeon,2024-10-28 16:04:00,04:04 PM,11:02 PM,ER,6,1,0
S906,Technician,2024-10-28 08:04:00,08:04 AM,04:11 PM,ER,9,6,1
S907,Technician,2024-10-28 08:05:00,08:05 AM,04:12 PM,ER,7,4,0
S908,Technician,2024-10-28 16:10:00,04:10 PM,11:02 PM,ER,7,6,0
S909,Nurse,2024-10-28 08:02:00,08:02 AM,04:27 PM,General Ward,8,4,0
S910,Nurse,2024-10-28 08:05:00,08:05 AM,04:01 PM,General Ward,7,6,0
S911,Nurse,2024-10-28 16:20:00,04:20 PM,11:16 PM,General Ward,6,5,0
S912,Nurse,2024-10-28 16:09:00,04:09 PM,11:11 PM,General Ward,8,6,0
S913,Surgeon,2024-10-28 08:27:00,08:27 AM,04:16 PM,General Ward,8,4,0
S914,Surgeon,2024-10-28 08:07:00,08:07 AM,04:13 PM,General Ward,9,3,1
S915,Surgeon,2024-10-28 16:19:00,04:19 PM,11:15 PM,General Ward,6,2,0
S916,Surgeon,2024-10-28 16:11:00,04:11 PM,11:01 PM,General Ward,7,3,0
S917,Technician,2024-10-28 08:17:00,08:17 AM,04:29 PM,General Ward,9,6,1
S918,Technician,2024-10-28 08:14:00,08:14 AM,04:27 PM,General Ward,7,3,0
S919,Technician,2024-10-28 16:20:00,04:20 PM,11:23 PM,General Ward,8,3,0
S920,Technician,2024-10-28 16:18:00,04:18 PM,11:19 PM,General Ward,8,2,0
S921,Nurse,2024-10-28 08:29:00,08:29 AM,04:19 PM,ICU,9,10,1
S922,Nurse,2024-10-28 08:00:00,08:00 AM,04:26 PM,ICU,7,10,0
S923,Nurse,2024-10-28 08:16:00,08:16 AM,04:10 PM,ICU,8,9,0
S924,Nurse,2024-10-28 16:25:00,04:25 PM,11:09 PM,ICU,6,5,0
S925,Nurse,2024-10-28 16:03:00,04:03 PM,11:09 PM,ICU,6,7,0
S926,Surgeon,2024-10-28 08:16:00,08:16 AM,04:04 PM,ICU,7,2,0
S927,Surgeon,2024-10-28 08:13:00,08:13 AM,04:05 PM,ICU,8,1,0
S928,Surgeon,2024-10-28 16:23:00,04:23 PM,11:27 PM,ICU,6,4,0
S929,Technician,2024-10-28 08:00:00,08:00 AM,04:04 PM,ICU,8,3,0
S930,Technician,2024-10-28 16:11:00,04:11 PM,11:01 PM,ICU,7,2,0
S931,Nurse,2024-10-29 08:08:00,08:08 AM,04:22 PM,ER,7,10,0
S932,Nurse,2024-10-29 08:27:00,08:27 AM,04:20 PM,ER,8,6,0
S933,Nurse,2024-10-29 08:16:00,08:16 AM,04:08 PM,ER,7,5,0
S934,Nurse,2024-10-29 16:18:00,04:18 PM,11:05 PM,ER,7,5,0
S935,Nurse,2024-10-29 16:26:00,04:26 PM,11:29 PM,ER,7,6,0
S936,Nurse,2024-10-29 16:26:00,04:26 PM,11:03 PM,ER,7,5,0
S937,Surgeon,2024-10-29 08:16:00,08:16 AM,04:10 PM,ER,7,3,0
S938,Surgeon,2024-10-29 08:26:00,08:26 AM,04:28 PM,ER,9,2,1
S939,Surgeon,2024-10-29 16:15:00,04:15 PM,11:14 PM,ER,6,3,0
S940,Surgeon,2024-10-29 16:29:00,04:29 PM,11:28 PM,ER,8,2,0
S941,Technician,2024-10-29 08:21:00,08:21 AM,04:14 PM,ER,7,6,0
S942,Technician,2024-10-29 08:20:00,08:20 AM,04:28 PM,ER,8,3,0
S943,Technician,2024-10-29 16:08:00,04:08 PM,11:09 PM,ER,7,5,0
S944,Technician,2024-10-29 16:22:00,04:22 PM,11:06 PM,ER,7,3,0
S945,Nurse,2024-10-29 08:12:00,08:12 AM,04:00 PM,General Ward,9,3,1
S946,Nurse,2024-10-29 08:04:00,08:04 AM,04:14 PM,General Ward,7,7,0
S947,Nurse,2024-10-29 08:10:00,08:10 AM,04:12 PM,General Ward,9,7,1
S948,Nurse,2024-10-29 16:04:00,04:04 PM,11:09 PM,General Ward,8,5,0
S949,Nurse,2024-10-29 16:28:00,04:28 PM,11:24 PM,General Ward,8,3,0
S950,Surgeon,2024-10-29 08:23:00,08:23 AM,04:10 PM,General Ward,7,4,0
S951,Surgeon,2024-10-29 08:16:00,08:16 AM,04:07 PM,General Ward,9,4,1
S952,Surgeon,2024-10-29 16:19:00,04:19 PM,11:07 PM,General Ward,6,1,0
S953,Surgeon,2024-10-29 16:15:00,04:15 PM,11:15 PM,General Ward,7,1,0
S954,Technician,2024-10-29 08:01:00,08:01 AM,04:15 PM,General Ward,8,3,0
S955,Technician,2024-10-29 08:17:00,08:17 AM,04:11 PM,General Ward,9,3,1
S956,Technician,2024-10-29 16:06:00,04:06 PM,11:22 PM,General Ward,8,3,0
S957,Technician,2024-10-29 16:05:00,04:05 PM,11:25 PM,General Ward,8,2,0
S958,Nurse,2024-10-29 08:03:00,08:03 AM,04:20 PM,ICU,7,3,0
S959,Nurse,2024-10-29 08:25:00,08:25 AM,04:19 PM,ICU,8,4,0
S960,Nurse,2024-10-29 08:19:00,08:19 AM,04:07 PM,ICU,9,3,1
S961,Nurse,2024-10-29 16:08:00,04:08 PM,11:09 PM,ICU,8,4,0
S962,Nurse,2024-10-29 16:17:00,04:17 PM,11:24 PM,ICU,7,8,0
S963,Surgeon,2024-10-29 08:13:00,08:13 AM,04:22 PM,ICU,9,2,1
S964,Surgeon,2024-10-29 08:14:00,08:14 AM,04:11 PM,ICU,8,1,0
S965,Surgeon,2024-10-29 16:13:00,04:13 PM,11:15 PM,ICU,7,3,0
S966,Technician,2024-10-29 08:22:00,08:22 AM,04:22 PM,ICU,7,4,0
S967,Technician,2024-10-29 16:05:00,04:05 PM,11:11 PM,ICU,8,5,0
S968,Nurse,2024-10-30 08:04:00,08:04 AM,04:14 PM,ER,9,10,1
S969,Nurse,2024-10-30 08:23:00,08:23 AM,04:26 PM,ER,9,7,1
S970,Nurse,2024-10-30 08:18:00,08:18 AM,04:23 PM,ER,8,5,0
S971,Nurse,2024-10-30 16:17:00,04:17 PM,11:02 PM,ER,7,10,0
S972,Nurse,2024-10-30 16:06:00,04:06 PM,11:22 PM,ER,6,4,0
S973,Nurse,2024-10-30 16:23:00,04:23 PM,11:17 PM,ER,8,8,0
S974,Surgeon,2024-10-30 08:06:00,08:06 AM,04:09 PM,ER,8,3,0
S975,Surgeon,2024-10-30 16:21:00,04:21 PM,11:05 PM,ER,6,2,0
S976,Technician,2024-10-30 08:09:00,08:09 AM,04:10 PM,ER,8,2,0
S977,Technician,2024-10-30 08:16:00,08:16 AM,04:11 PM,ER,8,5,0
S978,Technician,2024-10-30 16:16:00,04:16 PM,11:18 PM,ER,6,3,0
S979,Nurse,2024-10-30 08:23:00,08:23 AM,04:10 PM,General Ward,7,5,0
S980,Nurse,2024-10-30 08:04:00,08:04 AM,04:12 PM,General Ward,8,4,0
S981,Nurse,2024-10-30 08:22:00,08:22 AM,04:12 PM,General Ward,7,9,0
S982,Nurse,2024-10-30 16:04:00,04:04 PM,11:06 PM,General Ward,6,5,0
S983,Nurse,2024-10-30 16:28:00,04:28 PM,11:18 PM,General Ward,8,9,0
S984,Surgeon,2024-10-30 08:16:00,08:16 AM,04:00 PM,General Ward,8,3,0
S985,Surgeon,2024-10-30 08:21:00,08:21 AM,04:01 PM,General Ward,7,1,0
S986,Surgeon,2024-10-30 16:29:00,04:29 PM,11:19 PM,General Ward,6,1,0
S987,Technician,2024-10-30 08:08:00,08:08 AM,04:00 PM,General Ward,8,5,0
S988,Technician,2024-10-30 08:15:00,08:15 AM,04:00 PM,General Ward,8,5,0
S989,Technician,2024-10-30 16:27:00,04:27 PM,11:05 PM,General Ward,6,5,0
S990,Technician,2024-10-30 16:21:00,04:21 PM,11:06 PM,General Ward,8,4,0
S991,Nurse,2024-10-30 08:20:00,08:20 AM,04:10 PM,ICU,7,7,0
S992,Nurse,2024-10-30 08:18:00,08:18 AM,04:02 PM,ICU,9,3,1
S993,Nurse,2024-10-30 08:12:00,08:12 AM,04:16 PM,ICU,9,5,1
S994,Nurse,2024-10-30 16:21:00,04:21 PM,11:10 PM,ICU,7,3,0
S995,Nurse,2024-10-30 16:23:00,04:23 PM,11:05 PM,ICU,6,3,0
S996,Nurse,2024-10-30 16:10:00,04:10 PM,11:25 PM,ICU,6,7,0
S997,Surgeon,2024-10-30 08:27:00,08:27 AM,04:11 PM,ICU,8,4,0
S998,Surgeon,2024-10-30 08:01:00,08:01 AM,04:16 PM,ICU,7,4,0
S999,Surgeon,2024-10-30 16:22:00,04:22 PM,11:08 PM,ICU,6,1,0
S1000,Surgeon,2024-10-30 16:20:00,04:20 PM,11:11 PM,ICU,7,3,0
S1001,Technician,2024-10-30 08:13:00,08:13 AM,04:08 PM,ICU,7,6,0
S1002,Technician,2024-10-30 08:08:00,08:08 AM,04:29 PM,ICU,9,2,1
S1003,Technician,2024-10-30 16:27:00,04:27 PM,11:25 PM,ICU,8,6,0
S1004,Nurse,2024-10-31 08:13:00,08:13 AM,04:22 PM,ER,8,10,0
S1005,Nurse,2024-10-31 08:08:00,08:08 AM,04:29 PM,ER,7,5,0
S1006,Nurse,2024-10-31 08:26:00,08:26 AM,04:23 PM,ER,8,5,0
S1007,Nurse,2024-10-31 16:14:00,04:14 PM,11:08 PM,ER,7,4,0
S1008,Nurse,2024-10-31 16:25:00,04:25 PM,11:19 PM,ER,6,7,0
S1009,Nurse,2024-10-31 16:07:00,04:07 PM,11:14 PM,ER,6,5,0
S1010,Surgeon,2024-10-31 08:22:00,08:22 AM,04:05 PM,ER,8,1,0
S1011,Surgeon,2024-10-31 08:01:00,08:01 AM,04:24 PM,ER,9,3,1
S1012,Surgeon,2024-10-31 16:04:00,04:04 PM,11:29 PM,ER,7,2,0
S1013,Surgeon,2024-10-31 16:01:00,04:01 PM,11:28 PM,ER,6,4,0
S1014,Technician,2024-10-31 08:12:00,08:12 AM,04:18 PM,ER,7,3,0
S1015,Technician,2024-10-31 08:08:00,08:08 AM,04:04 PM,ER,9,4,1
S1016,Technician,2024-10-31 16:26:00,04:26 PM,11:07 PM,ER,7,6,0
S1017,Nurse,2024-10-31 08:10:00,08:10 AM,04:25 PM,General Ward,7,8,0
S1018,Nurse,2024-10-31 08:03:00,08:03 AM,04:29 PM,General Ward,7,6,0
S1019,Nurse,2024-10-31 08:11:00,08:11 AM,04:23 PM,General Ward,7,7,0
S1020,Nurse,2024-10-31 16:10:00,04:10 PM,11:01 PM,General Ward,8,7,0
S1021,Nurse,2024-10-31 16:27:00,04:27 PM,11:01 PM,General Ward,7,9,0
S1022,Surgeon,2024-10-31 08:26:00,08:26 AM,04:09 PM,General Ward,9,3,1
S1023,Surgeon,2024-10-31 08:03:00,08:03 AM,04:00 PM,General Ward,8,4,0
S1024,Surgeon,2024-10-31 16:15:00,04:15 PM,11:04 PM,General Ward,8,3,0
S1025,Technician,2024-10-31 08:00:00,08:00 AM,04:22 PM,General Ward,7,5,0
S1026,Technician,2024-10-31 08:04:00,08:04 AM,04:17 PM,General Ward,9,5,1
S1027,Technician,2024-10-31 16:06:00,04:06 PM,11:28 PM,General Ward,7,2,0
S1028,Nurse,2024-10-31 08:09:00,08:09 AM,04:10 PM,ICU,8,6,0
S1029,Nurse,2024-10-31 08:12:00,08:12 AM,04:10 PM,ICU,8,5,0
S1030,Nurse,2024-10-31 16:28:00,04:28 PM,11:22 PM,ICU,8,8,0
S1031,Nurse,2024-10-31 16:13:00,04:13 PM,11:21 PM,ICU,7,5,0
S1032,Surgeon,2024-10-31 08:20:00,08:20 AM,04:01 PM,ICU,8,2,0
S1033,Surgeon,2024-10-31 16:06:00,04:06 PM,11:07 PM,ICU,6,2,0
S1034,Technician,2024-10-31 08:09:00,08:09 AM,04:17 PM,ICU,9,6,1
S1035,Technician,2024-10-31 08:08:00,08:08 AM,04:27 PM,ICU,8,4,0
S1036,Technician,2024-10-31 16:03:00,04:03 PM,11:14 PM,ICU,6,2,0
S1037,Technician,2024-10-31 16:14:00,04:14 PM,11:00 PM,ICU,6,5,0
